y_true,y_pred
-7.15,-7.141931
-7.1,-7.117023
-6.93,-6.8578424
-6.56,-6.4881945
-2.13,-2.097802
-2.08,-2.0317686
-1.9,-1.8349854
-1.8,-1.6684217
-1.7,-1.6788392
-1.7,-1.6048071
-1.62,-1.6042365
-1.44,-1.3955033
-1.37,-1.2786974
-1.3,-1.1392152
-1.22,-1.1833289
-0.9,-0.8538463
-0.71,-0.6314202
-0.67,-0.65096027
-0.48,-0.44971102
-0.35,-0.29271245
-0.35,-0.23418532
-0.1,-0.20878911
-0.04,-0.00021715794
-0.01,0.06833979
0.2,0.24195062
0.21,0.05167685
0.31,0.25582305
0.32,0.385598
0.32,0.34274864
0.38,0.45362693
0.38,0.42090434
0.4,0.4206721
0.52,0.6095038
0.67,0.7105204
0.68,0.7583938
0.75,0.7022941
0.77,0.7972997
0.77,0.77367324
0.85,0.89028895
0.9,0.9104708
0.9,0.90780896
1.0,1.0348557
1.0,0.9957119
1.05,1.0641984
1.08,1.0988159
1.1,1.1594706
1.12,1.0787369
1.18,1.189108
1.2,1.2239921
1.21,1.2337488
1.23,1.1051633
1.25,1.2712398
1.26,1.2494887
1.3,1.2916832
1.3,1.3974464
1.3,1.2897465
1.34,1.3529893
1.34,1.3612082
1.36,1.3605831
1.37,1.3987927
1.4,1.5182132
1.41,1.494844
1.42,1.4384143
1.45,1.4630646
1.45,1.4919754
1.47,1.4658445
1.5,1.5131027
1.5,1.5472515
1.51,1.5492805
1.51,1.514185
1.52,1.5930275
1.58,1.6314514
1.59,1.5926864
1.6,1.6036136
1.62,1.6719786
1.63,1.6151112
1.63,1.7189308
1.68,1.6655895
1.69,1.7246691
1.7,1.6810366
1.7,1.7079281
1.71,1.8739524
1.72,1.6755238
1.74,1.7712402
1.75,1.7880466
1.76,1.8105377
1.79,1.801774
1.79,1.7729799
1.82,1.8319913
1.86,1.8392164
1.86,1.8563228
1.86,1.8258471
1.89,1.8126137
1.89,1.9267405
1.9,1.9062055
1.9,1.949134
1.9,1.9459319
1.9,1.8794042
1.91,1.8280094
1.91,1.9272655
1.92,1.9214762
1.94,1.9550189
1.94,1.9693357
1.95,1.9453015
1.96,2.0032125
1.965,2.0369234
1.97,1.937471
1.98,1.9689217
1.99,2.018576
1.99,2.02434
2.0,1.9754667
2.0,1.9785509
2.0,2.0046422
2.01,2.0125322
2.01,2.005397
2.01,2.041056
2.02,2.1021295
2.03,1.984773
2.05,2.1336958
2.05,1.957172
2.06,2.0867789
2.06,2.0964808
2.07,2.0923412
2.08,2.1314828
2.08,2.0704534
2.1,2.0597782
2.11,2.1424918
2.11,2.1725507
2.12,2.0412068
2.13,2.1670954
2.13,2.174041
2.16,2.175817
2.17,2.1782756
2.17,2.218896
2.2,2.178939
2.2,2.3010917
2.2,2.1833642
2.21,2.2363706
2.21,2.2267294
2.21,2.1933405
2.22,2.2719505
2.23,2.3540847
2.23,2.1747727
2.23,2.2442384
2.23,2.2952504
2.24,2.3752646
2.24,2.2488053
2.24,2.2657921
2.25,2.254687
2.255,2.1817148
2.26,2.2862258
2.26,2.2364526
2.27,2.3295188
2.27,2.2982602
2.27,2.233678
2.27,2.2818344
2.285,2.2910724
2.29,2.4414399
2.29,2.3185275
2.29,2.225517
2.3,2.2943628
2.3,2.3527658
2.3,2.269849
2.31,2.3426147
2.31,2.2342424
2.31,2.2800248
2.32,2.27557
2.34,2.3061624
2.34,2.4327943
2.35,2.412507
2.35,2.3201528
2.35,2.3380659
2.35,2.4173977
2.355,2.4878895
2.365,2.3768647
2.37,2.4587426
2.38,2.3477464
2.38,2.389136
2.39,2.354544
2.39,2.3896124
2.39,2.362584
2.395,2.4772916
2.4,2.3790483
2.4,2.394918
2.4,2.383279
2.4,2.4186933
2.4,2.419449
2.42,2.447441
2.45,2.411154
2.45,2.5332072
2.46,2.4829557
2.5,2.5157042
2.5,2.4697137
2.5,2.4782212
2.5,2.505754
2.5,2.5037649
2.51,2.518124
2.54,2.5595202
2.55,2.5719087
2.55,2.5571556
2.56,2.5958068
2.56,2.546661
2.57,2.4971201
2.58,2.592183
2.59,2.6531827
2.59,2.6148028
2.6,2.6193476
2.6,2.5936184
2.61,2.640446
2.61,2.5662043
2.62,2.6597254
2.62,2.7161117
2.63,2.6411107
2.64,2.6821604
2.64,2.597461
2.66,2.6454425
2.66,2.6424952
2.67,2.659009
2.68,2.7458324
2.68,2.6827967
2.68,2.667576
2.69,2.6756842
2.69,2.7030854
2.7,2.728202
2.7,2.7573862
2.7,2.7271602
2.71,2.739023
2.72,2.7218733
2.73,2.7603047
2.73,2.778548
2.74,2.8107142
2.74,2.8062508
2.75,2.6936765
2.76,2.7396693
2.76,2.7368894
2.76,2.7630706
2.763333333333333,2.7700071
2.77,2.8163686
2.77,2.8364263
2.78,2.764234
2.79,2.8539126
2.79,2.7699742
2.8,2.7751038
2.8,2.7945182
2.82,2.8616092
2.82,2.8812182
2.83,2.7762573
2.83,2.839889
2.84,2.8353322
2.84,2.8678412
2.84,2.8757005
2.85,2.8904865
2.85,2.8797872
2.85,2.8676043
2.85,2.8894093
2.85,2.8509667
2.85,2.9164665
2.86,2.8864229
2.86,2.8231666
2.86,2.846432
2.87,2.8737214
2.88,2.9103956
2.88,2.9427512
2.89,2.9227786
2.9,2.9474173
2.9,2.9237907
2.9,2.8423746
2.9,2.8655486
2.91,2.9200933
2.91,2.8617365
2.91,2.93334
2.92,2.874132
2.925,2.9375083
2.93,2.962717
2.93,2.9794087
2.94,2.9435928
2.94,2.935078
2.95,3.0013783
2.95,2.9395344
2.95,2.9564435
2.95,2.9606621
2.95,2.939662
2.96,2.8825455
2.96,2.9832563
2.97,2.967974
2.97,2.989556
2.97,3.044931
2.98,3.055944
2.98,2.966227
2.98,2.9875126
2.99,3.0500689
2.99,3.0020664
2.99,2.9822388
3.0,2.9712462
3.0,3.024133
3.0,2.9823093
3.0,3.0254858
3.0,3.0215714
3.0,2.9837854
3.0,3.0176873
3.0,3.0079997
3.0,3.0188873
3.01,2.9982767
3.01,2.9692366
3.02,3.048682
3.03,3.0162494
3.03,3.0685356
3.04,3.0623465
3.05,3.009816
3.05,3.0442123
3.05,3.0733056
3.06,3.0667918
3.07,3.0777192
3.07,3.0489488
3.08,3.120355
3.08,3.102703
3.08,3.090404
3.09,3.0668962
3.09,3.1520667
3.09,3.1198654
3.1,3.1280751
3.1,3.1042337
3.1,3.0894103
3.1,3.1482038
3.1,3.1350875
3.1,3.081332
3.1,3.1153748
3.1,3.1274805
3.1,3.0882907
3.1,3.0583096
3.11,3.1382964
3.11,3.1473722
3.12,3.1240127
3.12,3.07201
3.12,3.18692
3.14,3.1098523
3.15,3.1367898
3.15,3.135951
3.15,3.143764
3.15,3.1765845
3.15,3.1370933
3.16,3.180193
3.16,3.1553798
3.16,3.1978545
3.17,3.1663697
3.17,3.2221863
3.1750000000000003,3.199529
3.18,3.1669016
3.18,3.2073848
3.19,3.2889862
3.2,3.1874218
3.2,3.23889
3.2,3.203618
3.2,3.1866434
3.2,3.2548473
3.2,3.231409
3.2099999999999995,3.1742642
3.21,3.1818802
3.21,3.2577825
3.22,3.2052815
3.22,3.1904206
3.22,3.203726
3.22,3.2728572
3.22,3.1916704
3.22,3.179358
3.23,3.2685318
3.23,3.272811
3.23,3.2910893
3.24,3.2783759
3.24,3.169185
3.24,3.2320135
3.25,3.1044657
3.25,3.2796328
3.25,3.2552874
3.26,3.2657542
3.26,3.3088222
3.26,3.2179148
3.26,3.2380993
3.26,3.239425
3.265,3.3328273
3.27,3.2748327
3.27,3.2350872
3.28,3.2782607
3.29,3.3034601
3.2999999999999994,3.3477771
3.3,3.2565503
3.3,3.3339152
3.3,3.2277138
3.3,3.3233652
3.3,3.3603609
3.3,3.2872293
3.3,3.2955277
3.32,3.335331
3.325,3.3498962
3.33,3.3146744
3.33,3.2261336
3.33,3.3330383
3.34,3.3965302
3.35,3.2894468
3.36,3.332675
3.36,3.335178
3.37,3.3650205
3.37,3.310798
3.38,3.4286392
3.38,3.427465
3.38,3.3888817
3.38,3.3534794
3.39,3.3802485
3.393333333333333,3.3968065
3.4,3.4226286
3.4,3.4590776
3.4,3.4256585
3.4,3.3815317
3.4,3.4678597
3.4,3.3850498
3.4,3.366109
3.41,3.4606516
3.41,3.3656304
3.41,3.426717
3.42,3.4528105
3.42,3.3980887
3.42,3.4419825
3.43,3.4339268
3.43,3.3925815
3.43,3.4311092
3.43,3.3670452
3.43,3.4906955
3.44,3.443575
3.44,3.4885256
3.44,3.4689724
3.44,3.4114938
3.45,3.4585059
3.45,3.5260804
3.45,3.4446638
3.46,3.5309043
3.46,3.452946
3.46,3.4999945
3.47,3.4728913
3.47,3.4258575
3.48,3.4619393
3.49,3.4809089
3.49,3.490934
3.49,3.5066075
3.5,3.4810882
3.5,3.6344616
3.5,3.4440708
3.5,3.5149484
3.5,3.52895
3.5,3.515553
3.51,3.5338938
3.51,3.4654195
3.52,3.512801
3.52,3.5145557
3.53,3.5385766
3.53,3.6096184
3.53,3.518172
3.53,3.571212
3.53,3.5772154
3.53,3.5372145
3.54,3.4919498
3.54,3.5842934
3.54,3.4708211
3.54,3.536474
3.55,3.5549216
3.55,3.6202846
3.55,3.542408
3.55,3.513807
3.56,3.6488192
3.56,3.5336115
3.57,3.5739648
3.57,3.5549645
3.57,3.5805721
3.57,3.5620036
3.58,3.5796077
3.58,3.6618283
3.583333333333333,3.57308
3.59,3.595084
3.59,3.5860474
3.59,3.6509912
3.6,3.6060793
3.6,3.6173193
3.6,3.6045609
3.6,3.6429324
3.6,3.621946
3.6,3.6492271
3.6,3.6717203
3.61,3.5915816
3.61,3.6392756
3.61,3.6770303
3.61,3.6493492
3.61,3.607357
3.62,3.5477526
3.63,3.6187167
3.63,3.6097655
3.64,3.6378686
3.64,3.6279922
3.64,3.603562
3.645,3.62926
3.65,3.6364803
3.65,3.6230702
3.65,3.6456747
3.66,3.6307287
3.66,3.6548064
3.67,3.653082
3.67,3.6960378
3.69,3.6495104
3.7,3.7077267
3.7,3.706839
3.7,3.675612
3.7,3.7169452
3.7,3.7199204
3.7,3.6569433
3.7,3.710995
3.7,3.7113783
3.7,3.658314
3.71,3.7392282
3.71,3.693291
3.71,3.7528822
3.72,3.6903481
3.72,3.7592466
3.72,3.6959305
3.73,3.716326
3.73,3.7232502
3.73,3.7316616
3.74,3.6952724
3.75,3.752366
3.75,3.7809467
3.75,3.74659
3.76,3.7440605
3.76,3.7914534
3.76,3.7920916
3.76,3.826003
3.76,3.7151062
3.76,3.7301083
3.76,3.7758276
3.77,3.7952254
3.77,3.7432137
3.775,3.8874671
3.78,3.7682397
3.79,3.755502
3.79,3.7355263
3.79,3.7078812
3.79,3.7829452
3.8,3.782647
3.8,3.8178873
3.8,3.7294097
3.8,3.8155756
3.8,3.8186815
3.8,3.7632024
3.8,3.8252988
3.81,3.7851834
3.82,3.7505724
3.82,3.8260994
3.82,3.7895656
3.83,3.8489375
3.83,3.8159122
3.83,3.781528
3.83,3.9052117
3.84,3.8598075
3.84,3.8787827
3.84,3.802431
3.84,3.7791474
3.85,3.8287876
3.85,3.9355326
3.85,3.8887072
3.855,3.8251662
3.86,3.92652
3.86,3.8416448
3.86,3.8608031
3.88,3.8987098
3.89,3.834274
3.89,3.8873925
3.89,3.8613145
3.89,3.9567251
3.9,3.8731692
3.9,3.9047453
3.9,3.8682425
3.9,3.8585908
3.9,3.858538
3.91,3.9233966
3.91,3.9585848
3.91,3.9554331
3.92,3.9961197
3.92,3.9774678
3.92,3.9724429
3.93,3.8781898
3.94,3.9204397
3.94,3.9036775
3.95,3.858575
3.95,3.9844863
3.95,3.9216034
3.95,3.9146435
3.96,3.935967
3.96,4.015785
3.96,3.960868
3.97,4.005454
3.97,3.9888787
3.97,3.9842863
3.98,3.9629729
3.98,3.992386
3.98,3.9795673
3.99,3.9272716
3.99,4.007112
3.99,4.019877
3.99,4.0120435
4.0,3.900798
4.0,4.0465155
4.01,4.0151114
4.01,4.1423187
4.015000000000001,4.0194745
4.02,4.051786
4.03,4.1099586
4.03,3.9809752
4.03,3.9934328
4.04,4.065365
4.04,4.077568
4.04,4.132367
4.04,4.036462
4.04,4.0011353
4.05,4.0137963
4.06,4.0707154
4.06,4.026501
4.06,4.0311337
4.07,4.008822
4.07,4.0923014
4.07,4.0070477
4.08,4.0859647
4.09,4.056295
4.09,4.1065445
4.09,4.106508
4.1,4.086896
4.1,4.0973244
4.1,4.170692
4.11,4.093926
4.11,4.0587583
4.12,4.136038
4.12,4.1218967
4.12,4.099726
4.13,4.0399356
4.13,4.032383
4.13,4.1660914
4.14,4.077036
4.15,4.191156
4.15,4.172411
4.15,4.1195292
4.15,4.1567945
4.15,4.150461
4.15,4.0480733
4.16,4.1331477
4.16,4.1749315
4.16,4.121467
4.17,4.1841183
4.17,4.1763077
4.17,4.1923428
4.18,4.177518
4.18,4.1637683
4.18,4.2372828
4.18,4.183908
4.18,4.103764
4.18,4.228831
4.18,4.155456
4.19,4.1894064
4.19,4.1753216
4.19,4.151227
4.2,4.330139
4.2,4.4095836
4.2,4.1793857
4.2,4.2253113
4.2,4.2114854
4.2,4.1701603
4.2,4.247301
4.2,4.2828345
4.2,4.1972814
4.21,4.1960754
4.21,4.2403855
4.21,4.1248317
4.21,4.2940717
4.22,4.2294497
4.22,4.228372
4.23,4.2582374
4.23,4.236795
4.23,4.2598147
4.23,4.2159185
4.23,4.254627
4.24,4.2035823
4.24,4.2337246
4.24,4.2787786
4.24,4.2305145
4.24,4.196439
4.24,4.27198
4.25,4.2755766
4.25,4.224917
4.25,4.23829
4.25,4.2261086
4.26,4.2261143
4.26,4.209366
4.26,4.1729636
4.27,4.1752276
4.27,4.257245
4.27,4.273096
4.28,4.3040924
4.28,4.305005
4.28,4.3229914
4.28,4.257199
4.28,4.222705
4.29,4.297412
4.29,4.3474336
4.29,4.2750273
4.3,4.2984624
4.3,4.358705
4.3,4.330213
4.3,4.346002
4.31,4.323934
4.31,4.283659
4.315,4.350895
4.32,4.3049545
4.32,4.342234
4.33,4.3280883
4.33,4.3490367
4.33,4.320738
4.34,4.4359946
4.35,4.361838
4.35,4.3850803
4.35,4.4180117
4.35,4.395545
4.35,4.4097795
4.36,4.3587885
4.36,4.3517637
4.36,4.3870764
4.36,4.4016695
4.36,4.350726
4.36,4.3703084
4.37,4.3578043
4.37,4.3579655
4.38,4.3678656
4.38,4.240422
4.38,4.2392817
4.39,4.398007
4.4,4.34111
4.4,4.3521633
4.4,4.366799
4.4,4.3858914
4.4,4.3645487
4.4,4.4529715
4.4,4.393854
4.4,4.4030046
4.4,4.4035153
4.41,4.418411
4.41,4.3864236
4.42,4.438943
4.44,4.47542
4.44,4.3927464
4.44,4.4016385
4.44,4.440312
4.44,4.40312
4.45,4.4403853
4.45,4.467668
4.45,4.4541364
4.45,4.4734287
4.45,4.412307
4.45,4.450209
4.46,4.4781632
4.46,4.468251
4.46,4.376606
4.47,4.5302896
4.48,4.503506
4.48,4.5140257
4.49,4.420831
4.5,4.4860954
4.5,4.508877
4.5,4.4945965
4.5,4.4913535
4.5,4.495575
4.5,4.4809623
4.51,4.6227674
4.51,4.518808
4.51,4.5051327
4.515000000000001,4.5619264
4.52,4.4761395
4.52,4.6349945
4.52,4.519795
4.53,4.573135
4.53,4.554253
4.53,4.5811872
4.53,4.534719
4.53,4.498764
4.54,4.5388083
4.54,4.4912415
4.54,4.5113554
4.54,4.495696
4.54,4.549992
4.55,4.5907516
4.55,4.5577083
4.56,4.49902
4.56,4.4680395
4.57,4.5392957
4.57,4.5699396
4.57,4.612242
4.58,4.587742
4.58,4.6166344
4.58,4.522489
4.59,4.6016006
4.59,4.675621
4.59,4.5935574
4.59,4.5639973
4.6,4.5965133
4.6,4.6365805
4.6,4.5027113
4.6,4.591355
4.6,4.65915
4.6,4.639795
4.6,4.712347
4.6,4.5456824
4.6,4.5921273
4.615,4.6131625
4.615,4.625147
4.62,4.612278
4.63,4.597319
4.63,4.600979
4.64,4.672965
4.64,4.625768
4.64,4.646905
4.64,4.631282
4.645,4.6346793
4.65,4.6318073
4.65,4.640636
4.65,4.6186237
4.66,4.6899424
4.66,4.6095686
4.66,4.6694994
4.67,4.630695
4.68,4.669535
4.68,4.705826
4.68,4.701446
4.68,4.6292095
4.7,4.7360897
4.7,4.608476
4.7,4.6858478
4.7,4.6867633
4.7,4.701336
4.7,4.697422
4.71,4.70225
4.71,4.729921
4.71,4.708381
4.72,4.690004
4.73,4.7395973
4.73,4.7641354
4.74,4.78491
4.74,4.703438
4.75,4.7252407
4.75,4.7922306
4.76,4.7909875
4.76,4.811257
4.77,4.843423
4.78,4.706218
4.78,4.812385
4.78,4.749958
4.785,4.8007336
4.79,4.779856
4.79,4.7885194
4.79,4.823625
4.8,4.7758327
4.8,4.8067465
4.8,4.697688
4.8,4.8423505
4.8,4.7296495
4.8,4.75885
4.8,4.863887
4.82,4.7991085
4.82,4.829739
4.82,4.817375
4.825,4.7720003
4.83,4.7966976
4.83,4.8210745
4.83,4.8538766
4.84,4.8423142
4.84,4.8394394
4.84,4.715449
4.84,4.8077908
4.85,4.8898087
4.85,4.906804
4.85,4.8521285
4.85,4.8544807
4.86,4.8403664
4.86,4.8325257
4.87,4.8935747
4.88,4.9437666
4.88,4.8301067
4.88,4.9087834
4.88,4.8442593
4.88,4.894256
4.88,4.8449397
4.89,4.9471016
4.89,4.940904
4.89,4.9255395
4.89,4.863558
4.890000000000001,4.9492254
4.9,4.824432
4.9,4.90294
4.9,4.9022775
4.9,4.9677315
4.91,4.8987126
4.91,4.903132
4.915,4.9454308
4.94,4.873016
4.943333333333333,4.873072
4.95,4.9968543
4.95,4.9738317
4.95,4.975778
4.96,4.8914213
4.96,4.9922996
4.96,4.88281
4.965,4.982972
4.98,5.033646
4.98,5.0367603
4.98,4.960391
4.99,4.908973
5.0,4.909941
5.0,5.0167475
5.0,4.972042
5.0,5.03273
5.0,5.081082
5.0,4.973404
5.01,4.955192
5.01,4.987625
5.01,4.897991
5.01,4.945978
5.02,5.031943
5.02,4.9542
5.02,5.0284734
5.03,4.949824
5.03,4.9877095
5.03,5.0256367
5.04,5.033881
5.05,5.010268
5.05,5.058245
5.05,5.039893
5.06,5.044874
5.07,5.085647
5.08,5.086693
5.09,5.2028027
5.1,5.175182
5.1,5.101758
5.12,5.126752
5.12,5.1517143
5.13,5.127144
5.13,5.150515
5.13,5.1333237
5.13,5.060639
5.145,5.047905
5.15,5.153909
5.15,5.138665
5.15,5.128917
5.17,5.113922
5.18,5.201143
5.2,5.269452
5.2,5.268024
5.2,5.2109795
5.21,5.2218246
5.22,5.2280445
5.23,5.196552
5.24,5.232834
5.26,5.403487
5.27,5.2333527
5.27,5.201326
5.28,5.2196116
5.3,5.387696
5.3,5.3503294
5.3,5.363407
5.32,5.3470545
5.32,5.29289
5.33,5.3668447
5.35,5.357582
5.35,5.315266
5.35,5.3971434
5.36,5.3897195
5.37,5.4104443
5.37,5.349064
5.4,5.415561
5.4,5.4253187
5.4,5.3827133
5.4,5.4280014
5.4,5.419409
5.41,5.419921
5.42,5.4071407
5.43,5.4639273
5.44,5.479284
5.46,5.484672
5.46,5.4839506
5.46,5.484975
5.48,5.490967
5.48,5.488826
5.48,5.6074386
5.5,5.4896083
5.5,5.517211
5.5,5.5259905
5.5,5.6186595
5.5,5.511653
5.5,5.4725556
5.55,5.593004
5.56,5.65977
5.59,5.5469313
5.61,5.585364
5.61,5.7061744
5.61,5.6130056
5.64,5.664189
5.64,5.642803
5.65,5.70829
5.65,5.6506033
5.65,5.6289334
5.67,5.6502833
5.7,5.6956058
5.7,5.768673
5.73,5.7675033
5.75,5.758681
5.75,5.7350645
5.75,5.7413898
5.75,5.7607417
5.76,5.7564435
5.76,5.7609377
5.77,5.8162875
5.77,5.828205
5.79,5.76635
5.8,5.8150063
5.8,5.867646
5.8,5.8612995
5.8,5.875631
5.8,5.793933
5.8,5.720767
5.81,5.833566
5.81,5.852795
5.81,5.7730174
5.82,5.8320727
5.82,5.792589
5.82,5.8811584
5.84,5.868056
5.84,5.86686
5.85,5.860707
5.85,6.0027566
5.869999999999999,5.88897
5.88,5.8620086
5.89,5.7832227
5.89,5.8932133
5.9,5.9126005
5.9,5.9316916
5.9,5.9387636
5.9,5.8606343
5.9,5.8584266
5.91,5.957241
5.92,5.9250245
5.95,5.9217978
5.96,5.92609
5.97,5.998131
6.0,5.997528
6.0,6.011043
6.0,6.080224
6.0,6.008539
6.0,5.986072
6.0,5.927332
6.0,6.00493
6.0,6.0443764
6.0,6.0225987
6.01,6.008876
6.02,6.017307
6.04,6.1296825
6.06,6.14769
6.06,6.043776
6.06,6.029093
6.08,6.1303244
6.09,6.1202774
6.09,6.0458
6.1,6.114949
6.1,6.163998
6.12,6.009104
6.12,6.0154085
6.12,6.104731
6.12,6.154981
6.13,6.1043735
6.13,6.1417084
6.15,6.150342
6.15,6.1834702
6.15,6.125635
6.16,6.2038894
6.17,6.176717
6.18,6.1639857
6.18,6.20429
6.19,6.2857866
6.2,6.228704
6.2,6.1650147
6.2,6.251271
6.23,6.2443147
6.23,6.2531366
6.28,6.3189793
6.3,6.281486
6.3,6.358786
6.3,6.31532
6.3,6.310236
6.3,6.281301
6.3,6.227464
6.3,6.3601475
6.3,6.3045807
6.31,6.3278384
6.32,6.2809434
6.33,6.2950745
6.33,6.3379707
6.33,6.3049
6.35,6.3648477
6.35,6.4022617
6.35,6.3692603
6.35,6.310965
6.36,6.22589
6.36,6.375559
6.37,6.367046
6.38,6.3689547
6.38,6.430659
6.39,6.422865
6.39,6.451067
6.4,6.4139795
6.4,6.377489
6.41,6.436802
6.41,6.378164
6.42,6.4618797
6.42,6.412759
6.42,6.4643655
6.45,6.4125304
6.46,6.34033
6.47,6.494039
6.48,6.498976
6.48,6.520557
6.48,6.4933696
6.5,6.524413
6.5,6.5103955
6.5,6.5943027
6.5,6.513475
6.5,6.4968333
6.5,6.504473
6.52,6.5326905
6.53,6.576698
6.53,6.5132117
6.54,6.5047607
6.55,6.5712724
6.55,6.516493
6.59,6.58203
6.6,6.6273994
6.6,6.6489687
6.6,6.7357745
6.6,6.569362
6.6,6.6522202
6.61,6.7744036
6.62,6.533016
6.63,6.6444135
6.63,6.6562643
6.63,6.641808
6.63,6.6559887
6.64,6.620459
6.65,6.6701627
6.67,6.6533523
6.67,6.735249
6.68,6.5970545
6.68,6.7348723
6.7,6.630908
6.7,6.7889276
6.7,6.713771
6.71,6.7106943
6.73,6.825582
6.73,6.671235
6.75,6.7179775
6.75,6.748339
6.75,6.7357492
6.76,6.747034
6.76,6.823669
6.77,6.764181
6.78,6.7868056
6.78,6.799289
6.78,6.824288
6.79,6.796823
6.8,6.7858157
6.8,6.7920346
6.8,6.8169317
6.8,6.80885
6.8,6.861335
6.81,6.801362
6.83,6.837163
6.84,6.853019
6.87,6.8799124
6.88,6.9020104
6.88,6.8771935
6.9,6.9329033
6.9,6.9760447
6.9,6.882596
6.9,6.903216
6.91,7.0041337
6.91,6.893125
6.91,6.9125943
6.92,6.906964
6.94,7.0325365
6.94,6.915696
6.95,6.933105
6.95,6.9253263
6.95,6.938497
6.96,6.941442
6.97,6.9817705
7.0,6.996307
7.0,6.939826
7.0,7.0865316
7.0,7.0020905
7.01,6.9772215
7.01,7.005398
7.01,6.9956846
7.02,7.010484
7.03,7.0552874
7.05,7.100562
7.05,6.9666457
7.05,7.0623918
7.05,7.1298585
7.05,6.9936547
7.05,7.086123
7.07,7.118432
7.08,7.1033936
7.09,6.9667797
7.1,7.0538173
7.12,7.1270494
7.12,7.153187
7.13,7.124451
7.13,7.2294083
7.15,7.095643
7.15,7.1390257
7.15,7.174829
7.15,7.1219444
7.18,7.2002387
7.18,7.198643
7.2,7.213203
7.2,7.174172
7.2,7.2102103
7.22,7.293231
7.22,7.2719445
7.24,7.3060246
7.24,7.242729
7.24,7.2691226
7.24,7.22457
7.26,7.325359
7.26,7.2253413
7.26,7.352154
7.27,7.2928333
7.295,7.3767557
7.3,7.27142
7.3,7.341548
7.3,7.299416
7.3,7.289564
7.3,7.2210813
7.3,7.321016
7.31,7.3264656
7.32,7.3154383
7.32,7.404361
7.32,7.33379
7.32,7.3940964
7.32,7.331495
7.33,7.333014
7.34,7.280219
7.35,7.3603024
7.35,7.3266325
7.38,7.48686
7.38,7.4170437
7.39,7.4455686
7.39,7.4118967
7.39,7.4185705
7.4,7.418266
7.4,7.4316278
7.4,7.4539847
7.4,7.46741
7.4,7.423803
7.4,7.353463
7.4,7.35861
7.4,7.4666047
7.41,7.37543
7.44,7.4339747
7.45,7.51985
7.45,7.502254
7.46,7.541904
7.47,7.453265
7.48,7.491669
7.48,7.4774156
7.49,7.4706182
7.5,7.5763135
7.5,7.5543227
7.5,7.472255
7.5,7.4930773
7.5,7.4578805
7.51,7.5142612
7.51,7.5028954
7.51,7.588221
7.52,7.514899
7.53,7.5181437
7.53,7.5756044
7.54,7.524526
7.55,7.6322613
7.56,7.6082664
7.56,7.532228
7.56,7.57931
7.57,7.580423
7.58,7.5890036
7.6,7.6734915
7.6,7.503864
7.6,7.528842
7.6,7.6224675
7.6,7.6076994
7.6,7.594637
7.6,7.594446
7.6,7.619554
7.6,7.6871824
7.63,7.595893
7.63,7.5886254
7.64,7.6489344
7.64,7.7133055
7.64,7.587448
7.65,7.645935
7.65,7.6645317
7.65,7.6672106
7.65,7.583696
7.65,7.7107415
7.67,7.7141414
7.68,7.663171
7.68,7.673945
7.685,7.693751
7.69,7.711009
7.69,7.6984468
7.7,7.7590313
7.7,7.777344
7.7,7.65499
7.7,7.6954064
7.71,7.7141166
7.71,7.663797
7.72,7.7634506
7.73,7.6763434
7.73,7.722322
7.73,7.7533803
7.75,7.769574
7.75,7.7775483
7.75,7.75753
7.75,7.731745
7.75,7.611152
7.75,7.7538166
7.75,7.6889963
7.76,7.743838
7.77,7.7724695
7.78,7.7865305
7.8,7.7461348
7.8,7.9134316
7.8,7.970946
7.8,7.7631497
7.8,7.8658442
7.8,7.7683496
7.8,7.7935696
7.8,7.765474
7.81,7.8368177
7.81,7.8269296
7.82,7.8759747
7.82,7.82784
7.82,7.93191
7.83,7.846709
7.85,7.858899
7.85,7.8594394
7.85,7.9124413
7.86,7.874583
7.87,7.8949966
7.89,7.9787493
7.9,7.9028935
7.9,7.8844333
7.9,7.888247
7.9,7.9090915
7.9,7.863019
7.91,7.9059453
7.91,7.9017725
7.92,7.904792
7.92,7.90941
7.92,7.919931
7.92,7.8706727
7.92,7.8528337
7.95,8.021988
7.95,7.925478
7.97,7.934361
7.98,7.938336
7.98,8.007716
7.98,7.976122
7.98,7.864402
8.0,7.980716
8.0,8.015286
8.0,7.989489
8.0,7.907848
8.0,8.035036
8.0,7.919928
8.0,7.989446
8.0,7.9591174
8.01,8.006715
8.01,8.169939
8.01,8.005265
8.02,8.047587
8.02,8.050724
8.02,8.005847
8.02,8.025022
8.02,8.069627
8.03,8.237107
8.05,8.082812
8.05,8.003627
8.05,8.083004
8.05,8.065592
8.06,8.127231
8.07,8.075954
8.07,8.173304
8.07,8.120961
8.08,8.0744095
8.09,8.123755
8.1,8.083599
8.1,8.107195
8.1,8.140148
8.1,8.082965
8.1,8.161986
8.1,8.147953
8.1,8.0960245
8.1,8.073733
8.12,8.098092
8.12,8.107162
8.12,8.119593
8.14,8.198073
8.14,8.186995
8.14,8.131157
8.15,8.136438
8.17,8.154061
8.17,8.192
8.19,8.176333
8.19,8.117601
8.2,8.287313
8.2,8.191008
8.2,8.096581
8.2,8.241745
8.2,8.175722
8.2,8.169344
8.2,8.251088
8.21,8.179875
8.21,8.215816
8.22,8.251601
8.22,8.220472
8.22,8.2206135
8.23,8.242146
8.24,8.207598
8.24,8.238326
8.25,8.286852
8.25,8.248869
8.25,8.157706
8.25,8.266155
8.26,8.110782
8.26,8.246236
8.26,8.079198
8.27,8.2031
8.27,8.249581
8.27,8.267251
8.28,8.293712
8.28,8.322422
8.3,8.412787
8.3,8.3013525
8.3,8.287132
8.3,8.355099
8.31,8.412023
8.31,8.217317
8.31,8.33333
8.33,8.297161
8.33,8.366321
8.34,8.346803
8.34,8.37522
8.34,8.304576
8.34,8.3064785
8.35,8.4203615
8.35,8.347158
8.36,8.48339
8.36,8.332525
8.365,8.3460655
8.37,8.509764
8.39,8.409299
8.4,8.414399
8.4,8.431391
8.4,8.340628
8.4,8.342529
8.4,8.347652
8.4,8.394668
8.4,8.457996
8.4,8.442468
8.42,8.394648
8.43,8.398201
8.43,8.463567
8.44,8.467046
8.45,8.457389
8.45,8.413732
8.46,8.463505
8.47,8.472364
8.47,8.502148
8.48,8.424123
8.48,8.473182
8.49,8.546517
8.5,8.482866
8.5,8.5172
8.5,8.472715
8.5,8.529182
8.5,8.552017
8.51,8.454297
8.52,8.48573
8.54,8.636249
8.55,8.466113
8.55,8.553361
8.56,8.480426
8.58,8.557802
8.58,8.452033
8.6,8.578363
8.6,8.610503
8.6,8.591211
8.6,8.608178
8.6,8.642952
8.6,8.560491
8.61,8.602255
8.62,8.624503
8.62,8.66162
8.62,8.582884
8.63,8.589008
8.63,8.615025
8.63,8.637586
8.64,8.647521
8.64,8.649185
8.65,8.6518545
8.66,8.655821
8.67,8.652445
8.67,8.620528
8.68,8.690018
8.68,8.7033825
8.68,8.623204
8.68,8.699672
8.68,8.589459
8.69,8.657838
8.7,8.610274
8.7,8.681586
8.7,8.6874075
8.7,8.625691
8.7,8.6585045
8.7,8.723228
8.7,8.63373
8.7,8.692134
8.705,8.769238
8.71,8.679639
8.71,8.701957
8.71,8.812856
8.72,8.7462225
8.72,8.715348
8.73,8.763766
8.73,8.766984
8.74,8.8046055
8.74,8.7740755
8.75,8.784104
8.75,8.695959
8.75,8.787497
8.75,8.858544
8.765,8.703039
8.77,8.653277
8.77,8.804627
8.78,8.729012
8.79,8.76569
8.79,8.824849
8.8,8.794152
8.8,8.842557
8.8,8.7781105
8.8,8.787517
8.8,8.748939
8.81,8.819658
8.81,8.70026
8.81,8.779922
8.81,8.844338
8.81,8.776262
8.82,8.8547735
8.82,8.7584095
8.82,8.827592
8.83,8.867332
8.84,8.797982
8.84,8.8797455
8.85,8.843445
8.85,8.824899
8.85,8.856199
8.85,8.86778
8.85,8.803915
8.85,8.826458
8.86,8.73946
8.87,8.8151655
8.88,8.821839
8.88,8.903313
8.88,8.93083
8.88,8.857653
8.88,8.954212
8.89,8.8711
8.89,8.895241
8.89,8.798943
8.9,8.839833
8.9,8.905281
8.9,8.897902
8.9,8.93034
8.9,8.93504
8.9,8.901683
8.9,8.89045
8.9,8.950262
8.91,8.923793
8.91,9.021099
8.91,8.950615
8.91,8.869786
8.92,8.943448
8.92,8.88574
8.93,8.908356
8.94,8.897797
8.94,8.879766
8.94,8.874096
8.95,8.922134
8.96,8.966268
8.97,8.941052
8.98,8.994332
8.98,8.933689
8.98,8.99825
8.98,8.94806
8.98,8.905081
8.99,9.002435
8.99,8.986919
8.99,8.95914
9.0,8.910728
9.01,9.093099
9.01,8.982251
9.01,9.005579
9.02,9.001959
9.02,9.059183
9.03,9.136421
9.04,9.020561
9.04,8.990973
9.05,9.057116
9.05,8.99529
9.05,9.056616
9.05,9.034939
9.07,9.026888
9.07,9.097503
9.07,9.088673
9.09,9.005272
9.09,9.02705
9.1,9.09509
9.11,9.120843
9.12,9.097059
9.12,9.129255
9.12,9.141735
9.12,9.106112
9.13,9.174241
9.14,9.104003
9.14,9.167055
9.14,9.16353
9.15,9.164489
9.15,9.178967
9.15,9.123835
9.15,9.131262
9.15,9.101032
9.16,9.130351
9.16,9.153825
9.165,9.116841
9.17,9.193924
9.19,9.21214
9.19,9.152655
9.19,9.191359
9.2,9.220659
9.2,9.202569
9.2,9.160906
9.2,9.247039
9.2,9.19966
9.2,9.175815
9.21,9.277773
9.21,9.198403
9.23,9.233188
9.23,9.239316
9.24,9.17791
9.245,9.253216
9.25,9.18228
9.25,9.314003
9.25,9.294117
9.26,9.321532
9.26,9.287458
9.26,9.287388
9.26,9.187251
9.26,9.233993
9.26,9.226046
9.28,9.305493
9.28,9.36256
9.28,9.329696
9.29,9.289417
9.29,9.233599
9.3,9.253918
9.3,9.229596
9.3,9.230502
9.3,9.26255
9.3,9.271653
9.3,9.312769
9.31,9.308831
9.32,9.278831
9.32,9.269472
9.32,9.350355
9.33,9.233344
9.34,9.294462
9.34,9.330044
9.34,9.265018
9.35,9.405846
9.35,9.33633
9.36,9.308445
9.37,9.32196
9.38,9.396916
9.38,9.316799
9.38,9.350306
9.38,9.378736
9.39,9.437977
9.4,9.410676
9.4,9.325269
9.4,9.40388
9.4,9.381203
9.42,9.3957615
9.43,9.391206
9.44,9.370725
9.44,9.422577
9.44,9.4322605
9.45,9.460538
9.45,9.491684
9.46,9.522546
9.46,9.47174
9.46,9.410064
9.47,9.4943285
9.47,9.524503
9.47,9.497328
9.47,9.43947
9.48,9.494507
9.48,9.490709
9.48,9.446116
9.48,9.471374
9.49,9.500099
9.49,9.445785
9.5,9.542342
9.5,9.440461
9.5,9.559616
9.5,9.518916
9.5,9.542343
9.5,9.544288
9.5,9.459429
9.5,9.449795
9.51,9.472327
9.51,9.50057
9.51,9.5597315
9.52,9.542701
9.52,9.567319
9.52,9.414875
9.53,9.573146
9.535,9.556243
9.54,9.5681925
9.54,9.488889
9.54,9.540008
9.54,9.516992
9.54,9.549229
9.54,9.515272
9.55,9.55574
9.55,9.521183
9.55,9.49315
9.56,9.542776
9.58,9.573872
9.59,9.520046
9.59,9.5958605
9.59,9.567196
9.6,9.619657
9.6,9.578074
9.6,9.605032
9.6,9.547472
9.6,9.612296
9.605,9.571922
9.62,9.654816
9.62,9.643839
9.64,9.676083
9.64,9.664979
9.64,9.65416
9.64,9.666946
9.65,9.63406
9.65,9.6175995
9.66,9.706562
9.66,9.676259
9.675,9.641368
9.69,9.678291
9.7,9.627367
9.7,9.7028055
9.7,9.641156
9.7,9.654508
9.7,9.688504
9.7,9.717848
9.7,9.710881
9.71,9.720317
9.72,9.599003
9.73,9.644116
9.73,9.803702
9.73,9.734294
9.73,9.612752
9.74,9.677387
9.75,9.710967
9.75,9.682711
9.75,9.730178
9.77,9.794693
9.77,9.808967
9.77,9.6359215
9.79,9.718259
9.795,9.79821
9.8,9.782126
9.8,9.789986
9.8,9.87289
9.8,9.789827
9.8,9.804911
9.8,9.832242
9.8,9.812166
9.8175,9.8134
9.82,9.779459
9.82,9.853608
9.83,9.811422
9.83,9.882285
9.83,9.789215
9.84,9.811824
9.84,9.861512
9.84,9.845034
9.85,9.857342
9.85,9.850512
9.85,9.879214
9.85,9.850725
9.85,9.933488
9.85,9.869011
9.86,9.848209
9.87,9.764419
9.88,9.847013
9.89,9.82992
9.89,9.938915
9.9,9.880374
9.9,9.940992
9.91,9.916357
9.91,9.9371395
9.91,9.90659
9.92,9.904987
9.92,9.852707
9.92,9.855013
9.92,9.931
9.92,9.887341
9.93,9.942291
9.93,9.91437
9.94,9.893389
9.94,9.946217
9.95,9.998594
9.96,9.971357
9.97,10.013378
9.98,10.048618
9.98,9.974978
10.0,9.961192
10.0,10.029862
10.0,9.904558
10.0,10.032651
10.0,9.986458
10.0,9.99696
10.0,10.110623
10.0,10.006082
10.0,9.929097
10.01,10.003624
10.01,9.955419
10.01,9.990183
10.02,9.97212
10.03,10.004696
10.03,10.117929
10.04,10.038103
10.04,10.066436
10.05,10.03243
10.06,10.086251
10.07,10.075482
10.07,10.069595
10.085,10.020269
10.09,10.193491
10.09,10.087955
10.1,10.092889
10.1,10.11752
10.1,10.110962
10.1,10.153654
10.11,10.115684
10.11,10.098583
10.13,10.168258
10.13,10.140674
10.14,10.195278
10.14,10.101362
10.15,10.144556
10.15,10.2066
10.15,10.192776
10.16,10.161217
10.16,10.133916
10.16,10.162431
10.18,10.206624
10.2,10.194085
10.2,10.19498
10.2,10.1686535
10.2,10.168519
10.2,10.1900425
10.2,10.199043
10.21,10.201899
10.21,10.153571
10.22,10.2178955
10.22,10.1900425
10.22,10.226235
10.23,10.226444
10.23,10.237802
10.23,10.256675
10.23,10.243806
10.24,10.267271
10.24,10.243224
10.24,10.206826
10.24,10.252971
10.25,10.20521
10.25,10.199552
10.25,10.171624
10.26,10.258887
10.265,10.284531
10.27,10.27231
10.27,10.288426
10.29,10.314128
10.295,10.272493
10.3,10.262072
10.3,10.414318
10.3,10.313351
10.3,10.232246
10.3,10.268572
10.31,10.3246565
10.32,10.309808
10.32,10.3067465
10.33,10.318425
10.335,10.385779
10.34,10.253345
10.35,10.273661
10.36,10.407354
10.366666666666667,10.366794
10.37,10.221027
10.4,10.309316
10.4,10.378101
10.4,10.381884
10.41,10.396268
10.41,10.38052
10.42,10.475335
10.42,10.452523
10.43,10.495809
10.44,10.4376335
10.445,10.407434
10.445,10.43138
10.45,10.486616
10.45,10.401474
10.46,10.473395
10.47,10.50607
10.48,10.451327
10.49,10.47846
10.49,10.433346
10.5,10.450798
10.5,10.483229
10.5,10.506852
10.5,10.4612
10.5,10.504012
10.51,10.467094
10.51,10.510165
10.52,10.631965
10.53,10.540369
10.54,10.480063
10.54,10.567247
10.55,10.602511
10.55,10.495974
10.56,10.57295
10.56,10.557937
10.56,10.566846
10.57,10.521453
10.58,10.587061
10.58,10.537999
10.59,10.622059
10.6,10.551631
10.6,10.591627
10.6,10.600287
10.6,10.559632
10.6,10.527287
10.6,10.527207
10.61,10.643741
10.61,10.46708
10.63,10.601372
10.63,10.65296
10.64,10.6265135
10.66,10.690397
10.66,10.702203
10.68,10.653217
10.69,10.674918
10.69,10.665946
10.69,10.670013
10.7,10.716276
10.7,10.702165
10.7,10.632669
10.71,10.684498
10.71,10.764362
10.71,10.667838
10.72,10.675292
10.72,10.715419
10.73,10.69004
10.73,10.800429
10.75,10.73013
10.75,10.680063
10.75,10.770101
10.76,10.750243
10.76,10.789725
10.77,10.743221
10.77,10.804877
10.78,10.802965
10.78,10.729042
10.79,10.80418
10.79,10.861151
10.79,10.7610655
10.8,10.904421
10.8,10.815737
10.8,10.72475
10.8,10.774241
10.8,10.790642
10.81,10.81793
10.81,10.765749
10.82,10.809611
10.82,10.828352
10.83,10.8359995
10.835,10.765022
10.84,10.897564
10.84,10.744615
10.84,10.819188
10.85,10.8421135
10.85,10.815963
10.85,10.850321
10.85,10.828734
10.85,10.860528
10.85,10.828259
10.86,10.855635
10.87,10.777807
10.87,10.868825
10.88,10.851743
10.89,10.838796
10.89,10.833513
10.89,10.854416
10.89,10.865122
10.89,10.810846
10.9,10.859208
10.9,10.932687
10.9,10.916992
10.9,10.882477
10.9,10.821364
10.9,10.904355
10.9,10.911971
10.91,10.8661785
10.915,10.900756
10.92,10.870157
10.93,10.944468
10.93,10.939891
10.94,10.932915
10.94,10.946399
10.945,10.887908
10.95,10.9275465
10.95,10.904799
10.96,10.924948
10.96,10.926634
10.97,10.966031
10.98,11.000666
10.985,10.949485
10.99,10.9961815
11.0,10.948222
11.0,10.914542
11.0,10.942247
11.02,10.9203
11.04,11.012962
11.06,11.02704
11.06,11.043252
11.06,11.067305
11.07,10.962247
11.08,11.020488
11.08,11.015201
11.1,11.121701
11.1,11.060104
11.1,11.138125
11.11,11.128416
11.12,11.079304
11.13,11.056064
11.14,11.125825
11.18,11.115338
11.18,11.072745
11.18,11.199123
11.19,11.173254
11.2,11.20912
11.2,11.155974
11.21,11.110228
11.21,11.136498
11.22,11.106574
11.22,11.220802
11.22,11.222618
11.23,11.173875
11.23,11.126255
11.24,11.177822
11.25,11.278681
11.25,11.237834
11.25,11.231113
11.26,11.270648
11.27,11.314429
11.27,11.249612
11.3,11.418346
11.3,11.266401
11.3,11.257904
11.3,11.298874
11.31,11.21415
11.33,11.314927
11.34,11.288481
11.34,11.326043
11.34,11.381124
11.36,11.353304
11.37,11.30978
11.4,11.288997
11.4,11.36076
11.4,11.39452
11.4,11.383366
11.4,11.406703
11.4,11.304457
11.4,11.343643
11.4,11.337645
11.4,11.244422
11.41,11.396221
11.43,11.392444
11.43,11.339611
11.43,11.390249
11.465,11.414467
11.48,11.453613
11.48,11.400561
11.48,11.458207
11.48,11.4813595
11.49,11.481495
11.5,11.48255
11.5,11.4526415
11.5,11.504381
11.5,11.504738
11.5,11.481068
11.5,11.479937
11.52,11.516274
11.52,11.488001
11.52,11.549995
11.54,11.570767
11.55,11.530536
11.55,11.53077
11.56,11.480749
11.56,11.535907
11.6,11.593564
11.6,11.573884
11.6,11.585783
11.61,11.582058
11.64,11.638919
11.67,11.609635
11.68,11.648284
11.7,11.718297
11.74,11.764059
11.74,11.746972
11.76,11.637185
11.77,11.772893
11.78,11.804083
11.8,11.816899
11.8,11.67874
11.8,11.827391
11.81,11.798007
11.81,11.814536
11.82,11.770098
11.84,11.839815
11.85,11.747257
11.85,11.781273
11.86,11.833769
11.87,11.827974
11.87,11.897706
11.9,11.863684
11.9,11.939129
11.9,11.837547
11.9,11.833135
11.91,11.895708
11.94,11.903898
11.96,11.893062
11.96,11.965787
11.97,11.989553
12.0,11.914094
12.01,11.983418
12.02,11.937734
12.045,12.024654
12.05,12.029954
12.09,12.032713
12.1,12.114695
12.1,12.117439
12.1,12.057199
12.12,11.954235
12.13,12.121095
12.14,12.079656
12.16,12.147309
12.16,12.176954
12.196666666666664,12.150514
12.2,12.236595
12.2,12.210409
12.2,12.113231
12.21,12.123528
12.25,12.2395525
12.3,12.3198595
12.3,12.248794
12.3,12.219578
12.3,12.281726
12.3,12.323667
12.3,12.291469
12.33,12.315252
12.36,12.388058
12.4,12.397415
12.4,12.35014
12.4,12.342842
12.4,12.356934
12.43,12.379854
12.45,12.3919325
12.45,12.463323
12.46,12.463743
12.5,12.494826
12.51,12.4583025
12.52,12.539033
12.53,12.478492
12.54,12.552964
12.55,12.491217
12.58,12.573944
12.6,12.56539
12.63,12.73326
12.68,12.693147
12.69,12.665822
12.74,12.703382
12.8,12.809551
12.8,12.811163
12.8,12.702649
12.8,12.764456
12.8,12.779619
12.8,12.804359
12.81,12.827105
12.83,12.80838
12.85,12.8608
12.9,12.928978
12.9,12.859408
12.95,12.883837
13.0,12.964453
13.0,12.921139
13.05,12.941704
13.08,13.04285
13.1,13.125843
13.1,13.049896
13.13,13.106596
13.16,13.1540785
13.18,13.12465
13.28,13.287333
13.3,13.268336
13.3,13.245168
13.33,13.274207
13.45,13.36895
13.45,13.385032
13.48,13.501623
13.5,13.43344
13.5,13.47878
13.64,13.599462
13.74,13.740446
13.8,13.775123
13.9,13.847599
14.0,13.942385
14.04,14.0490465
14.18,14.216448
14.21,14.170226
14.3,14.279631
14.37,14.38117
14.47,14.468659
14.5,14.520794
14.56,14.57101
14.65,14.62424
14.68,14.672741
14.88,14.841249
14.9,14.851905
15.0,14.971741
15.34,15.350937
15.4,15.412274
15.52,15.565382
15.58,15.578216
15.6,15.537437
15.84,15.800324
16.0,16.019741
16.14,16.127644
16.5,16.479097
16.76,16.659199
17.03,16.997149
18.04,17.952965
18.4,18.47722
20.5,20.437674
