il_no,solvent_id,ln_co2_solubility_exp,ln_pressure_mpa,temperature_k,b01_c_c,b03_o_o,b04_n_o,f02_c_c,f04_n_o,h_050,h_053,n_074,ncconj,arr_anion,b02_c_n_anion,b03_n_o_anion,c_025_anion,f03_n_o_anion,f05_n_o_anion,f06_o_o_anion,h_051_anion,nbo_anion,reference,pressure_mpa,co2_solubility_mol_frac,source_sheet,source_file
IL1,[BzMIM][NO3],-2.15761932274386,0.053540767,298.15,1,0,0,14,0,0,0,0,0,0,0,0,0,0,0,0,0,3,[149],1.0550000000759285,0.1156,S4-Experimental data_Unique ILs,data\raw\figshare_29228990\ef5c01345_si_001.xlsx
IL1,[BzMIM][NO3],-1.8779711660471203,0.385262401,298.15,1,0,0,14,0,0,0,0,0,0,0,0,0,0,0,0,0,3,[149],1.470000000307752,0.1529,S4-Experimental data_Unique ILs,data\raw\figshare_29228990\ef5c01345_si_001.xlsx
IL1,[BzMIM][NO3],-1.6702500518308578,0.654406352,298.15,1,0,0,14,0,0,0,0,0,0,0,0,0,0,0,0,0,3,[149],1.9239999995314776,0.18819999999999998,S4-Experimental data_Unique ILs,data\raw\figshare_29228990\ef5c01345_si_001.xlsx
IL1,[BzMIM][NO3],-1.4841277214686537,0.875885317,298.15,1,0,0,14,0,0,0,0,0,0,0,0,0,0,0,0,0,3,[149],2.400999999425882,0.2267,S4-Experimental data_Unique ILs,data\raw\figshare_29228990\ef5c01345_si_001.xlsx
IL1,[BzMIM][NO3],-1.365315954734699,1.042394609,298.15,1,0,0,14,0,0,0,0,0,0,0,0,0,0,0,0,0,3,[149],2.836000000936217,0.2553,S4-Experimental data_Unique ILs,data\raw\figshare_29228990\ef5c01345_si_001.xlsx
IL1,[BzMIM][NO3],-1.2351195333227727,1.228470276,298.15,1,0,0,14,0,0,0,0,0,0,0,0,0,0,0,0,0,3,[149],3.416000000251679,0.2908,S4-Experimental data_Unique ILs,data\raw\figshare_29228990\ef5c01345_si_001.xlsx
IL1,[BzMIM][NO3],-2.2499926428748753,0.158711691,313.15,1,0,0,14,0,0,0,0,0,0,0,0,0,0,0,0,0,3,[149],1.17199999981855,0.10539999999999998,S4-Experimental data_Unique ILs,data\raw\figshare_29228990\ef5c01345_si_001.xlsx
IL1,[BzMIM][NO3],-1.9611253148617938,0.487352268,313.15,1,0,0,14,0,0,0,0,0,0,0,0,0,0,0,0,0,3,[149],1.6280000006831925,0.1407,S4-Experimental data_Unique ILs,data\raw\figshare_29228990\ef5c01345_si_001.xlsx
IL1,[BzMIM][NO3],-1.7521542146356957,0.758466647,313.15,1,0,0,14,0,0,0,0,0,0,0,0,0,0,0,0,0,3,[149],2.135000000681945,0.1734,S4-Experimental data_Unique ILs,data\raw\figshare_29228990\ef5c01345_si_001.xlsx
IL1,[BzMIM][NO3],-1.5596958205392863,0.980579222,313.15,1,0,0,14,0,0,0,0,0,0,0,0,0,0,0,0,0,3,[149],2.666000000649126,0.2102,S4-Experimental data_Unique ILs,data\raw\figshare_29228990\ef5c01345_si_001.xlsx
IL1,[BzMIM][NO3],-1.4405393759722864,1.149305403,313.15,1,0,0,14,0,0,0,0,0,0,0,0,0,0,0,0,0,3,[149],3.156000000051671,0.2368,S4-Experimental data_Unique ILs,data\raw\figshare_29228990\ef5c01345_si_001.xlsx
IL1,[BzMIM][NO3],-1.3019532126861397,1.335790229,313.15,1,0,0,14,0,0,0,0,0,0,0,0,0,0,0,0,0,3,[149],3.803000000204896,0.272,S4-Experimental data_Unique ILs,data\raw\figshare_29228990\ef5c01345_si_001.xlsx
IL1,[BzMIM][NO3],-2.3055896020143445,0.21993842,323.15,1,0,0,14,0,0,0,0,0,0,0,0,0,0,0,0,0,3,[149],1.2459999995448843,0.0997,S4-Experimental data_Unique ILs,data\raw\figshare_29228990\ef5c01345_si_001.xlsx
IL1,[BzMIM][NO3],-2.0136538011418326,0.54927681,323.15,1,0,0,14,0,0,0,0,0,0,0,0,0,0,0,0,0,3,[149],1.7319999997570983,0.13350000000000004,S4-Experimental data_Unique ILs,data\raw\figshare_29228990\ef5c01345_si_001.xlsx
IL1,[BzMIM][NO3],-1.8018098050815563,0.820220263,323.15,1,0,0,14,0,0,0,0,0,0,0,0,0,0,0,0,0,3,[149],2.27099999971971,0.16500000000000004,S4-Experimental data_Unique ILs,data\raw\figshare_29228990\ef5c01345_si_001.xlsx
IL1,[BzMIM][NO3],-1.6049480071612483,1.043099579,323.15,1,0,0,14,0,0,0,0,0,0,0,0,0,0,0,0,0,3,[149],2.8380000007439787,0.2009,S4-Experimental data_Unique ILs,data\raw\figshare_29228990\ef5c01345_si_001.xlsx
IL1,[BzMIM][NO3],-1.4823648298706242,1.211940974,323.15,1,0,0,14,0,0,0,0,0,0,0,0,0,0,0,0,0,3,[149],3.360000000083621,0.2271,S4-Experimental data_Unique ILs,data\raw\figshare_29228990\ef5c01345_si_001.xlsx
IL1,[BzMIM][NO3],-1.336742582290643,1.398716881,323.15,1,0,0,14,0,0,0,0,0,0,0,0,0,0,0,0,0,3,[149],4.049999999520286,0.2627,S4-Experimental data_Unique ILs,data\raw\figshare_29228990\ef5c01345_si_001.xlsx
IL1,[BzMIM][NO3],-2.3517753371848173,0.274596833,333.15,1,0,0,14,0,0,0,0,0,0,0,0,0,0,0,0,0,3,[149],1.316000000127487,0.0952,S4-Experimental data_Unique ILs,data\raw\figshare_29228990\ef5c01345_si_001.xlsx
IL1,[BzMIM][NO3],-2.0572887370387027,0.604862266,333.15,1,0,0,14,0,0,0,0,0,0,0,0,0,0,0,0,0,3,[149],1.8310000005632638,0.1278,S4-Experimental data_Unique ILs,data\raw\figshare_29228990\ef5c01345_si_001.xlsx
IL1,[BzMIM][NO3],-1.8438952236485835,0.875885317,333.15,1,0,0,14,0,0,0,0,0,0,0,0,0,0,0,0,0,3,[149],2.400999999425882,0.1582,S4-Experimental data_Unique ILs,data\raw\figshare_29228990\ef5c01345_si_001.xlsx
IL1,[BzMIM][NO3],-1.6414447085691868,1.098945566,333.15,1,0,0,14,0,0,0,0,0,0,0,0,0,0,0,0,0,3,[149],3.000999998624852,0.1937,S4-Experimental data_Unique ILs,data\raw\figshare_29228990\ef5c01345_si_001.xlsx
IL1,[BzMIM][NO3],-1.516403046466911,1.268636318,333.15,1,0,0,14,0,0,0,0,0,0,0,0,0,0,0,0,0,3,[149],3.5560000012387034,0.21950000000000003,S4-Experimental data_Unique ILs,data\raw\figshare_29228990\ef5c01345_si_001.xlsx
IL1,[BzMIM][NO3],-1.367668896996726,1.456985789,333.15,1,0,0,14,0,0,0,0,0,0,0,0,0,0,0,0,0,3,[149],4.292999998959275,0.2547,S4-Experimental data_Unique ILs,data\raw\figshare_29228990\ef5c01345_si_001.xlsx
IL1,[BzMIM][NO3],-2.3925098005220327,0.324977857,343.15,1,0,0,14,0,0,0,0,0,0,0,0,0,0,0,0,0,3,[149],1.3839999997294588,0.09140000000000001,S4-Experimental data_Unique ILs,data\raw\figshare_29228990\ef5c01345_si_001.xlsx
IL1,[BzMIM][NO3],-2.0923241675108497,0.654406352,343.15,1,0,0,14,0,0,0,0,0,0,0,0,0,0,0,0,0,3,[149],1.9239999995314776,0.12339999999999998,S4-Experimental data_Unique ILs,data\raw\figshare_29228990\ef5c01345_si_001.xlsx
IL1,[BzMIM][NO3],-1.870802676568508,0.923861997,343.15,1,0,0,14,0,0,0,0,0,0,0,0,0,0,0,0,0,3,[149],2.518999999066778,0.154,S4-Experimental data_Unique ILs,data\raw\figshare_29228990\ef5c01345_si_001.xlsx
IL1,[BzMIM][NO3],-1.6702500518308578,1.149305403,343.15,1,0,0,14,0,0,0,0,0,0,0,0,0,0,0,0,0,3,[149],3.156000000051671,0.18819999999999998,S4-Experimental data_Unique ILs,data\raw\figshare_29228990\ef5c01345_si_001.xlsx
IL1,[BzMIM][NO3],-1.5371172508544744,1.317747819,343.15,1,0,0,14,0,0,0,0,0,0,0,0,0,0,0,0,0,3,[149],3.7350000015508447,0.21499999999999997,S4-Experimental data_Unique ILs,data\raw\figshare_29228990\ef5c01345_si_001.xlsx
IL1,[BzMIM][NO3],-1.3862943611198906,1.508069418,343.15,1,0,0,14,0,0,0,0,0,0,0,0,0,0,0,0,0,3,[149],4.517999999793024,0.25,S4-Experimental data_Unique ILs,data\raw\figshare_29228990\ef5c01345_si_001.xlsx
IL2,[BzMIM][TFES],-1.5005835075220182,1.085189268,323.2,1,0,0,14,0,0,0,0,0,0,0,0,0,0,0,0,0,9,[144],2.9599999990055315,0.22300000000000003,S4-Experimental data_Unique ILs,data\raw\figshare_29228990\ef5c01345_si_001.xlsx
IL2,[BzMIM][TFES],-1.5005835075220182,1.202972304,333.2,1,0,0,14,0,0,0,0,0,0,0,0,0,0,0,0,0,9,[144],3.3300000000254664,0.22300000000000003,S4-Experimental data_Unique ILs,data\raw\figshare_29228990\ef5c01345_si_001.xlsx
IL2,[BzMIM][TFES],-1.5005835075220182,1.316408234,343.2,1,0,0,14,0,0,0,0,0,0,0,0,0,0,0,0,0,9,[144],3.730000001284149,0.22300000000000003,S4-Experimental data_Unique ILs,data\raw\figshare_29228990\ef5c01345_si_001.xlsx
IL2,[BzMIM][TFES],-1.5005835075220182,1.435084525,353.2,1,0,0,14,0,0,0,0,0,0,0,0,0,0,0,0,0,9,[144],4.199999998784845,0.22300000000000003,S4-Experimental data_Unique ILs,data\raw\figshare_29228990\ef5c01345_si_001.xlsx
IL2,[BzMIM][TFES],-1.5005835075220182,1.547562509,363.2,1,0,0,14,0,0,0,0,0,0,0,0,0,0,0,0,0,9,[144],4.70000000133474,0.22300000000000003,S4-Experimental data_Unique ILs,data\raw\figshare_29228990\ef5c01345_si_001.xlsx
IL2,[BzMIM][TFES],-1.5005835075220182,1.646733697,373.2,1,0,0,14,0,0,0,0,0,0,0,0,0,0,0,0,0,9,[144],5.189999999077232,0.22300000000000003,S4-Experimental data_Unique ILs,data\raw\figshare_29228990\ef5c01345_si_001.xlsx
IL2,[BzMIM][TFES],-1.1874435023747254,1.432700734,323.2,1,0,0,14,0,0,0,0,0,0,0,0,0,0,0,0,0,9,[144],4.190000000276346,0.305,S4-Experimental data_Unique ILs,data\raw\figshare_29228990\ef5c01345_si_001.xlsx
IL2,[BzMIM][TFES],-1.1874435023747254,1.564440547,333.2,1,0,0,14,0,0,0,0,0,0,0,0,0,0,0,0,0,9,[144],4.780000002373917,0.305,S4-Experimental data_Unique ILs,data\raw\figshare_29228990\ef5c01345_si_001.xlsx
IL2,[BzMIM][TFES],-1.1874435023747254,1.680827909,343.2,1,0,0,14,0,0,0,0,0,0,0,0,0,0,0,0,0,9,[144],5.370000002573447,0.305,S4-Experimental data_Unique ILs,data\raw\figshare_29228990\ef5c01345_si_001.xlsx
IL2,[BzMIM][TFES],-1.1874435023747254,1.790091412,353.2,1,0,0,14,0,0,0,0,0,0,0,0,0,0,0,0,0,9,[144],5.989999999237126,0.305,S4-Experimental data_Unique ILs,data\raw\figshare_29228990\ef5c01345_si_001.xlsx
IL2,[BzMIM][TFES],-1.1874435023747254,1.891604804,363.2,1,0,0,14,0,0,0,0,0,0,0,0,0,0,0,0,0,9,[144],6.629999998688777,0.305,S4-Experimental data_Unique ILs,data\raw\figshare_29228990\ef5c01345_si_001.xlsx
IL2,[BzMIM][TFES],-1.1874435023747254,1.974081026,373.2,1,0,0,14,0,0,0,0,0,0,0,0,0,0,0,0,0,9,[144],7.19999999984153,0.305,S4-Experimental data_Unique ILs,data\raw\figshare_29228990\ef5c01345_si_001.xlsx
IL2,[BzMIM][TFES],-1.0613165039244128,1.609437912,323.2,1,0,0,14,0,0,0,0,0,0,0,0,0,0,0,0,0,9,[144],4.999999997829498,0.34600000000000003,S4-Experimental data_Unique ILs,data\raw\figshare_29228990\ef5c01345_si_001.xlsx
IL2,[BzMIM][TFES],-1.0613165039244128,1.745715531,333.2,1,0,0,14,0,0,0,0,0,0,0,0,0,0,0,0,0,9,[144],5.730000001566307,0.34600000000000003,S4-Experimental data_Unique ILs,data\raw\figshare_29228990\ef5c01345_si_001.xlsx
IL2,[BzMIM][TFES],-1.0613165039244128,1.870262531,343.2,1,0,0,14,0,0,0,0,0,0,0,0,0,0,0,0,0,9,[144],6.490000001843169,0.34600000000000003,S4-Experimental data_Unique ILs,data\raw\figshare_29228990\ef5c01345_si_001.xlsx
IL2,[BzMIM][TFES],-1.0613165039244128,1.987874348,353.2,1,0,0,14,0,0,0,0,0,0,0,0,0,0,0,0,0,9,[144],7.299999998873279,0.34600000000000003,S4-Experimental data_Unique ILs,data\raw\figshare_29228990\ef5c01345_si_001.xlsx
IL2,[BzMIM][TFES],-1.0613165039244128,2.089391873,363.2,1,0,0,14,0,0,0,0,0,0,0,0,0,0,0,0,0,9,[144],8.080000003773327,0.34600000000000003,S4-Experimental data_Unique ILs,data\raw\figshare_29228990\ef5c01345_si_001.xlsx
IL2,[BzMIM][TFES],-1.0613165039244128,2.188295947,373.2,1,0,0,14,0,0,0,0,0,0,0,0,0,0,0,0,0,9,[144],8.92000000364009,0.34600000000000003,S4-Experimental data_Unique ILs,data\raw\figshare_29228990\ef5c01345_si_001.xlsx
IL2,[BzMIM][TFES],-0.9441759353636907,1.785070481,323.2,1,0,0,14,0,0,0,0,0,0,0,0,0,0,0,0,0,9,[144],5.95999999953954,0.389,S4-Experimental data_Unique ILs,data\raw\figshare_29228990\ef5c01345_si_001.xlsx
IL2,[BzMIM][TFES],-0.9441759353636907,1.93441577,333.2,1,0,0,14,0,0,0,0,0,0,0,0,0,0,0,0,0,9,[144],6.920000002563318,0.389,S4-Experimental data_Unique ILs,data\raw\figshare_29228990\ef5c01345_si_001.xlsx
IL2,[BzMIM][TFES],-0.9441759353636907,2.080690761,343.2,1,0,0,14,0,0,0,0,0,0,0,0,0,0,0,0,0,9,[144],8.009999999357055,0.389,S4-Experimental data_Unique ILs,data\raw\figshare_29228990\ef5c01345_si_001.xlsx
IL2,[BzMIM][TFES],-0.9441759353636907,2.208274414,353.2,1,0,0,14,0,0,0,0,0,0,0,0,0,0,0,0,0,9,[144],9.10000000434248,0.389,S4-Experimental data_Unique ILs,data\raw\figshare_29228990\ef5c01345_si_001.xlsx
IL2,[BzMIM][TFES],-0.9441759353636907,2.329227024,363.2,1,0,0,14,0,0,0,0,0,0,0,0,0,0,0,0,0,9,[144],10.270000000611407,0.389,S4-Experimental data_Unique ILs,data\raw\figshare_29228990\ef5c01345_si_001.xlsx
IL2,[BzMIM][TFES],-0.9441759353636907,2.43798973,373.2,1,0,0,14,0,0,0,0,0,0,0,0,0,0,0,0,0,9,[144],11.449999999997152,0.389,S4-Experimental data_Unique ILs,data\raw\figshare_29228990\ef5c01345_si_001.xlsx
IL2,[BzMIM][TFES],-0.8232558659069656,2.042518188,323.2,1,0,0,14,0,0,0,0,0,0,0,0,0,0,0,0,0,9,[144],7.710000003274913,0.439,S4-Experimental data_Unique ILs,data\raw\figshare_29228990\ef5c01345_si_001.xlsx
IL2,[BzMIM][TFES],-0.8232558659069656,2.206074193,333.2,1,0,0,14,0,0,0,0,0,0,0,0,0,0,0,0,0,9,[144],9.080000003512128,0.439,S4-Experimental data_Unique ILs,data\raw\figshare_29228990\ef5c01345_si_001.xlsx
IL2,[BzMIM][TFES],-0.8232558659069656,2.352327185,343.2,1,0,0,14,0,0,0,0,0,0,0,0,0,0,0,0,0,9,[144],10.510000001168084,0.439,S4-Experimental data_Unique ILs,data\raw\figshare_29228990\ef5c01345_si_001.xlsx
IL2,[BzMIM][TFES],-0.8232558659069656,2.474014209,353.2,1,0,0,14,0,0,0,0,0,0,0,0,0,0,0,0,0,9,[144],11.870000004491883,0.439,S4-Experimental data_Unique ILs,data\raw\figshare_29228990\ef5c01345_si_001.xlsx
IL2,[BzMIM][TFES],-0.8232558659069656,2.592265168,363.2,1,0,0,14,0,0,0,0,0,0,0,0,0,0,0,0,0,9,[144],13.359999998550444,0.439,S4-Experimental data_Unique ILs,data\raw\figshare_29228990\ef5c01345_si_001.xlsx
IL2,[BzMIM][TFES],-0.8232558659069656,2.69597762,373.2,1,0,0,14,0,0,0,0,0,0,0,0,0,0,0,0,0,9,[144],14.820000001957114,0.439,S4-Experimental data_Unique ILs,data\raw\figshare_29228990\ef5c01345_si_001.xlsx
IL2,[BzMIM][TFES],-0.7486598904902041,2.1690537,323.2,1,0,0,14,0,0,0,0,0,0,0,0,0,0,0,0,0,9,[144],8.749999996766674,0.473,S4-Experimental data_Unique ILs,data\raw\figshare_29228990\ef5c01345_si_001.xlsx
IL2,[BzMIM][TFES],-0.7486598904902041,2.348514025,333.2,1,0,0,14,0,0,0,0,0,0,0,0,0,0,0,0,0,9,[144],10.470000001230796,0.473,S4-Experimental data_Unique ILs,data\raw\figshare_29228990\ef5c01345_si_001.xlsx
IL2,[BzMIM][TFES],-0.7486598904902041,2.503073954,343.2,1,0,0,14,0,0,0,0,0,0,0,0,0,0,0,0,0,9,[144],12.22000000313505,0.473,S4-Experimental data_Unique ILs,data\raw\figshare_29228990\ef5c01345_si_001.xlsx
IL2,[BzMIM][TFES],-0.7486598904902041,2.636912173,353.2,1,0,0,14,0,0,0,0,0,0,0,0,0,0,0,0,0,9,[144],13.969999996243876,0.473,S4-Experimental data_Unique ILs,data\raw\figshare_29228990\ef5c01345_si_001.xlsx
IL2,[BzMIM][TFES],-0.7486598904902041,2.760642651,363.2,1,0,0,14,0,0,0,0,0,0,0,0,0,0,0,0,0,9,[144],15.809999996499972,0.473,S4-Experimental data_Unique ILs,data\raw\figshare_29228990\ef5c01345_si_001.xlsx
IL2,[BzMIM][TFES],-0.7486598904902041,2.870735783,373.2,1,0,0,14,0,0,0,0,0,0,0,0,0,0,0,0,0,9,[144],17.649999993305258,0.473,S4-Experimental data_Unique ILs,data\raw\figshare_29228990\ef5c01345_si_001.xlsx
IL2,[BzMIM][TFES],-0.6911491778972723,2.340843805,323.2,1,0,0,14,0,0,0,0,0,0,0,0,0,0,0,0,0,9,[144],10.389999998845298,0.501,S4-Experimental data_Unique ILs,data\raw\figshare_29228990\ef5c01345_si_001.xlsx
IL2,[BzMIM][TFES],-0.6911491778972723,2.549445171,333.2,1,0,0,14,0,0,0,0,0,0,0,0,0,0,0,0,0,9,[144],12.800000000952684,0.501,S4-Experimental data_Unique ILs,data\raw\figshare_29228990\ef5c01345_si_001.xlsx
IL2,[BzMIM][TFES],-0.6911491778972723,2.713369363,343.2,1,0,0,14,0,0,0,0,0,0,0,0,0,0,0,0,0,9,[144],15.080000006336464,0.501,S4-Experimental data_Unique ILs,data\raw\figshare_29228990\ef5c01345_si_001.xlsx
IL2,[BzMIM][TFES],-0.6911491778972723,2.85819286,353.2,1,0,0,14,0,0,0,0,0,0,0,0,0,0,0,0,0,9,[144],17.430000008158466,0.501,S4-Experimental data_Unique ILs,data\raw\figshare_29228990\ef5c01345_si_001.xlsx
IL2,[BzMIM][TFES],-0.6911491778972723,2.968874819,363.2,1,0,0,14,0,0,0,0,0,0,0,0,0,0,0,0,0,9,[144],19.46999999252141,0.501,S4-Experimental data_Unique ILs,data\raw\figshare_29228990\ef5c01345_si_001.xlsx
IL2,[BzMIM][TFES],-0.6911491778972723,3.070839746,373.2,1,0,0,14,0,0,0,0,0,0,0,0,0,0,0,0,0,9,[144],21.559999999120425,0.501,S4-Experimental data_Unique ILs,data\raw\figshare_29228990\ef5c01345_si_001.xlsx
IL2,[BzMIM][TFES],-0.6539264674066639,2.571084346,323.2,1,0,0,14,0,0,0,0,0,0,0,0,0,0,0,0,0,9,[144],13.079999999619993,0.52,S4-Experimental data_Unique ILs,data\raw\figshare_29228990\ef5c01345_si_001.xlsx
IL2,[BzMIM][TFES],-0.6539264674066639,2.765689981,333.2,1,0,0,14,0,0,0,0,0,0,0,0,0,0,0,0,0,9,[144],15.890000007172354,0.52,S4-Experimental data_Unique ILs,data\raw\figshare_29228990\ef5c01345_si_001.xlsx
IL2,[BzMIM][TFES],-0.6539264674066639,2.917230045,343.2,1,0,0,14,0,0,0,0,0,0,0,0,0,0,0,0,0,9,[144],18.489999992621875,0.52,S4-Experimental data_Unique ILs,data\raw\figshare_29228990\ef5c01345_si_001.xlsx
IL2,[BzMIM][TFES],-0.6539264674066639,3.042138646,353.2,1,0,0,14,0,0,0,0,0,0,0,0,0,0,0,0,0,9,[144],20.949999992287328,0.52,S4-Experimental data_Unique ILs,data\raw\figshare_29228990\ef5c01345_si_001.xlsx
IL2,[BzMIM][TFES],-0.6539264674066639,3.146735147,363.2,1,0,0,14,0,0,0,0,0,0,0,0,0,0,0,0,0,9,[144],23.25999999789454,0.52,S4-Experimental data_Unique ILs,data\raw\figshare_29228990\ef5c01345_si_001.xlsx
IL2,[BzMIM][TFES],-0.6539264674066639,3.237893831,373.2,1,0,0,14,0,0,0,0,0,0,0,0,0,0,0,0,0,9,[144],25.480000007543033,0.52,S4-Experimental data_Unique ILs,data\raw\figshare_29228990\ef5c01345_si_001.xlsx
IL2,[BzMIM][TFES],-0.6254885320861304,2.788708104,323.2,1,0,0,14,0,0,0,0,0,0,0,0,0,0,0,0,0,9,[144],16.259999998054255,0.535,S4-Experimental data_Unique ILs,data\raw\figshare_29228990\ef5c01345_si_001.xlsx
IL2,[BzMIM][TFES],-0.6254885320861304,2.96784707,333.2,1,0,0,14,0,0,0,0,0,0,0,0,0,0,0,0,0,9,[144],19.449999998746343,0.535,S4-Experimental data_Unique ILs,data\raw\figshare_29228990\ef5c01345_si_001.xlsx
IL2,[BzMIM][TFES],-0.6254885320861304,3.104138147,343.2,1,0,0,14,0,0,0,0,0,0,0,0,0,0,0,0,0,9,[144],22.28999999113354,0.535,S4-Experimental data_Unique ILs,data\raw\figshare_29228990\ef5c01345_si_001.xlsx
IL2,[BzMIM][TFES],-0.6254885320861304,3.210036876,353.2,1,0,0,14,0,0,0,0,0,0,0,0,0,0,0,0,0,9,[144],24.779999995019313,0.535,S4-Experimental data_Unique ILs,data\raw\figshare_29228990\ef5c01345_si_001.xlsx
IL2,[BzMIM][TFES],-0.6254885320861304,3.301745303,363.2,1,0,0,14,0,0,0,0,0,0,0,0,0,0,0,0,0,9,[144],27.16000000840615,0.535,S4-Experimental data_Unique ILs,data\raw\figshare_29228990\ef5c01345_si_001.xlsx
IL2,[BzMIM][TFES],-0.6254885320861304,3.382354294,373.2,1,0,0,14,0,0,0,0,0,0,0,0,0,0,0,0,0,9,[144],29.44000000410172,0.535,S4-Experimental data_Unique ILs,data\raw\figshare_29228990\ef5c01345_si_001.xlsx
IL3,[C3MPYR][FSI],-6.214608098422191,-4.605170186,298.15,1,0,0,9,0,0,0,0,0,0,0,0,0,0,0,0,0,8,[152],0.009999999999880918,0.0020000000000000005,S4-Experimental data_Unique ILs,data\raw\figshare_29228990\ef5c01345_si_001.xlsx
IL3,[C3MPYR][FSI],-4.3428059215206005,-2.997734276,298.15,1,0,0,9,0,0,0,0,0,0,0,0,0,0,0,0,0,8,[152],0.049900000011210734,0.012999999999999998,S4-Experimental data_Unique ILs,data\raw\figshare_29228990\ef5c01345_si_001.xlsx
IL3,[C3MPYR][FSI],-3.6888794541139363,-2.301585593,298.15,1,0,0,9,0,0,0,0,0,0,0,0,0,0,0,0,0,8,[152],0.10009999996606231,0.025,S4-Experimental data_Unique ILs,data\raw\figshare_29228990\ef5c01345_si_001.xlsx
IL3,[C3MPYR][FSI],-3.036554268074246,-1.609938037,298.15,1,0,0,9,0,0,0,0,0,0,0,0,0,0,0,0,0,8,[152],0.19990000009510894,0.048,S4-Experimental data_Unique ILs,data\raw\figshare_29228990\ef5c01345_si_001.xlsx
IL3,[C3MPYR][FSI],-2.659260036932778,-1.204973305,298.15,1,0,0,9,0,0,0,0,0,0,0,0,0,0,0,0,0,8,[152],0.299699999897958,0.07,S4-Experimental data_Unique ILs,data\raw\figshare_29228990\ef5c01345_si_001.xlsx
IL3,[C3MPYR][FSI],-2.1803674602697964,-0.693947501,298.15,1,0,0,9,0,0,0,0,0,0,0,0,0,0,0,0,0,8,[152],0.49959999986546494,0.113,S4-Experimental data_Unique ILs,data\raw\figshare_29228990\ef5c01345_si_001.xlsx
IL3,[C3MPYR][FSI],-1.8838747581358606,-0.356960699,298.15,1,0,0,9,0,0,0,0,0,0,0,0,0,0,0,0,0,8,[152],0.6998000000339749,0.15200000000000002,S4-Experimental data_Unique ILs,data\raw\figshare_29228990\ef5c01345_si_001.xlsx
IL3,[C3MPYR][FSI],-1.575036485716768,-0.000300045,298.15,1,0,0,9,0,0,0,0,0,0,0,0,0,0,0,0,0,8,[152],0.9997000000089993,0.207,S4-Experimental data_Unique ILs,data\raw\figshare_29228990\ef5c01345_si_001.xlsx
IL3,[C3MPYR][FSI],-1.422958345491482,0.182321557,298.15,1,0,0,9,0,0,0,0,0,0,0,0,0,0,0,0,0,8,[152],1.2000000002472544,0.241,S4-Experimental data_Unique ILs,data\raw\figshare_29228990\ef5c01345_si_001.xlsx
IL3,[C3MPYR][FSI],-1.2447947988461912,0.405865028,298.15,1,0,0,9,0,0,0,0,0,0,0,0,0,0,0,0,0,8,[152],1.5005999998056854,0.288,S4-Experimental data_Unique ILs,data\raw\figshare_29228990\ef5c01345_si_001.xlsx
IL3,[C3MPYR][FSI],-1.1488535051048565,0.530510597,298.15,1,0,0,9,0,0,0,0,0,0,0,0,0,0,0,0,0,8,[152],1.6997999998599556,0.317,S4-Experimental data_Unique ILs,data\raw\figshare_29228990\ef5c01345_si_001.xlsx
IL3,[C3MPYR][FSI],-1.0613165039244128,0.641801253,298.15,1,0,0,9,0,0,0,0,0,0,0,0,0,0,0,0,0,8,[152],1.8998999996041421,0.34600000000000003,S4-Experimental data_Unique ILs,data\raw\figshare_29228990\ef5c01345_si_001.xlsx
IL3,[C3MPYR][FSI],-6.214608098422191,-4.615220522,313.15,1,0,0,9,0,0,0,0,0,0,0,0,0,0,0,0,0,8,[152],0.009899999998431764,0.0020000000000000005,S4-Experimental data_Unique ILs,data\raw\figshare_29228990\ef5c01345_si_001.xlsx
IL3,[C3MPYR][FSI],-4.710530701645918,-2.997734276,313.15,1,0,0,9,0,0,0,0,0,0,0,0,0,0,0,0,0,8,[152],0.049900000011210734,0.009,S4-Experimental data_Unique ILs,data\raw\figshare_29228990\ef5c01345_si_001.xlsx
IL3,[C3MPYR][FSI],-4.017383521085972,-2.306593114,313.15,1,0,0,9,0,0,0,0,0,0,0,0,0,0,0,0,0,8,[152],0.09960000003900182,0.018000000000000002,S4-Experimental data_Unique ILs,data\raw\figshare_29228990\ef5c01345_si_001.xlsx
IL3,[C3MPYR][FSI],-3.3242363405260273,-1.609938037,313.15,1,0,0,9,0,0,0,0,0,0,0,0,0,0,0,0,0,8,[152],0.19990000009510894,0.03599999999999999,S4-Experimental data_Unique ILs,data\raw\figshare_29228990\ef5c01345_si_001.xlsx
IL3,[C3MPYR][FSI],-2.9187712324178627,-1.203639527,313.15,1,0,0,9,0,0,0,0,0,0,0,0,0,0,0,0,0,8,[152],0.3000999998606983,0.054,S4-Experimental data_Unique ILs,data\raw\figshare_29228990\ef5c01345_si_001.xlsx
IL3,[C3MPYR][FSI],-2.4418471603275536,-0.693347201,313.15,1,0,0,9,0,0,0,0,0,0,0,0,0,0,0,0,0,8,[152],0.4998999997813499,0.08699999999999998,S4-Experimental data_Unique ILs,data\raw\figshare_29228990\ef5c01345_si_001.xlsx
IL3,[C3MPYR][FSI],-2.145581344184381,-0.356960699,313.15,1,0,0,9,0,0,0,0,0,0,0,0,0,0,0,0,0,8,[152],0.6998000000339749,0.11699999999999999,S4-Experimental data_Unique ILs,data\raw\figshare_29228990\ef5c01345_si_001.xlsx
IL3,[C3MPYR][FSI],-1.8263509139976741,9.9995e-05,313.15,1,0,0,9,0,0,0,0,0,0,0,0,0,0,0,0,0,8,[152],1.0000999999996667,0.16099999999999998,S4-Experimental data_Unique ILs,data\raw\figshare_29228990\ef5c01345_si_001.xlsx
IL3,[C3MPYR][FSI],-1.6713133161521878,0.182321557,313.15,1,0,0,9,0,0,0,0,0,0,0,0,0,0,0,0,0,8,[152],1.2000000002472544,0.188,S4-Experimental data_Unique ILs,data\raw\figshare_29228990\ef5c01345_si_001.xlsx
IL3,[C3MPYR][FSI],-1.4828052615007343,0.405665088,313.15,1,0,0,9,0,0,0,0,0,0,0,0,0,0,0,0,0,8,[152],1.5002999998337208,0.227,S4-Experimental data_Unique ILs,data\raw\figshare_29228990\ef5c01345_si_001.xlsx
IL3,[C3MPYR][FSI],-1.3823023398503531,0.530392929,313.15,1,0,0,9,0,0,0,0,0,0,0,0,0,0,0,0,0,8,[152],1.6995999995606204,0.251,S4-Experimental data_Unique ILs,data\raw\figshare_29228990\ef5c01345_si_001.xlsx
IL3,[C3MPYR][FSI],-1.2946271725940668,0.641590694,313.15,1,0,0,9,0,0,0,0,0,0,0,0,0,0,0,0,0,8,[152],1.8995000006732907,0.274,S4-Experimental data_Unique ILs,data\raw\figshare_29228990\ef5c01345_si_001.xlsx
IL3,[C3MPYR][FSI],-6.214608098422191,-4.615170018,343.15,1,0,0,9,0,0,0,0,0,0,0,0,0,0,0,0,0,8,[152],0.009900500000657642,0.0020000000000000005,S4-Experimental data_Unique ILs,data\raw\figshare_29228990\ef5c01345_si_001.xlsx
IL3,[C3MPYR][FSI],-5.298317366548036,-2.990876084,343.15,1,0,0,9,0,0,0,0,0,0,0,0,0,0,0,0,0,8,[152],0.05024339999762944,0.005000000000000002,S4-Experimental data_Unique ILs,data\raw\figshare_29228990\ef5c01345_si_001.xlsx
IL3,[C3MPYR][FSI],-4.509860006183766,-2.30383988,343.15,1,0,0,9,0,0,0,0,0,0,0,0,0,0,0,0,0,8,[152],0.09987459999100891,0.011000000000000005,S4-Experimental data_Unique ILs,data\raw\figshare_29228990\ef5c01345_si_001.xlsx
IL3,[C3MPYR][FSI],-3.7722610630529876,-1.608881567,343.15,1,0,0,9,0,0,0,0,0,0,0,0,0,0,0,0,0,8,[152],0.20011130004458508,0.022999999999999996,S4-Experimental data_Unique ILs,data\raw\figshare_29228990\ef5c01345_si_001.xlsx
IL3,[C3MPYR][FSI],-3.4112477175156566,-1.204503612,343.15,1,0,0,9,0,0,0,0,0,0,0,0,0,0,0,0,0,8,[152],0.2998407999538219,0.03300000000000001,S4-Experimental data_Unique ILs,data\raw\figshare_29228990\ef5c01345_si_001.xlsx
IL3,[C3MPYR][FSI],-2.9187712324178627,-0.693559866,343.15,1,0,0,9,0,0,0,0,0,0,0,0,0,0,0,0,0,8,[152],0.49979369985143435,0.054,S4-Experimental data_Unique ILs,data\raw\figshare_29228990\ef5c01345_si_001.xlsx
IL3,[C3MPYR][FSI],-2.617295837833746,-0.356960985,343.15,1,0,0,9,0,0,0,0,0,0,0,0,0,0,0,0,0,8,[152],0.6997997998912034,0.07300000000000001,S4-Experimental data_Unique ILs,data\raw\figshare_29228990\ef5c01345_si_001.xlsx
IL3,[C3MPYR][FSI],-2.282782465697866,-0.00019762,343.15,1,0,0,9,0,0,0,0,0,0,0,0,0,0,0,0,0,8,[152],0.999802399525546,0.10199999999999998,S4-Experimental data_Unique ILs,data\raw\figshare_29228990\ef5c01345_si_001.xlsx
IL3,[C3MPYR][FSI],-2.1286317858706076,0.18305129,343.15,1,0,0,9,0,0,0,0,0,0,0,0,0,0,0,0,0,8,[152],1.200875999431318,0.11900000000000001,S4-Experimental data_Unique ILs,data\raw\figshare_29228990\ef5c01345_si_001.xlsx
IL3,[C3MPYR][FSI],-1.9449106487222299,0.405259087,343.15,1,0,0,9,0,0,0,0,0,0,0,0,0,0,0,0,0,8,[152],1.4996910001690902,0.143,S4-Experimental data_Unique ILs,data\raw\figshare_29228990\ef5c01345_si_001.xlsx
IL3,[C3MPYR][FSI],-1.8325814637483102,0.530387634,343.15,1,0,0,9,0,0,0,0,0,0,0,0,0,0,0,0,0,8,[152],1.6995910002024486,0.15999999999999998,S4-Experimental data_Unique ILs,data\raw\figshare_29228990\ef5c01345_si_001.xlsx
IL3,[C3MPYR][FSI],-1.7486999797676082,0.641698085,343.15,1,0,0,9,0,0,0,0,0,0,0,0,0,0,0,0,0,8,[152],1.8997040008315575,0.174,S4-Experimental data_Unique ILs,data\raw\figshare_29228990\ef5c01345_si_001.xlsx
IL4,[HMIM][NO3],-3.009831197933493,-1.15518264,293.15,1,0,0,10,0,0,0,0,0,0,0,0,0,0,0,0,0,3,[157],0.31500000004929873,0.04929999999999999,S4-Experimental data_Unique ILs,data\raw\figshare_29228990\ef5c01345_si_001.xlsx
IL4,[HMIM][NO3],-2.339249077365637,-0.438504962,293.15,1,0,0,10,0,0,0,0,0,0,0,0,0,0,0,0,0,3,[157],0.6450000001202052,0.0964,S4-Experimental data_Unique ILs,data\raw\figshare_29228990\ef5c01345_si_001.xlsx
IL4,[HMIM][NO3],-1.9207298505250152,0.054488185,293.15,1,0,0,10,0,0,0,0,0,0,0,0,0,0,0,0,0,3,[157],1.0559999997000225,0.14649999999999996,S4-Experimental data_Unique ILs,data\raw\figshare_29228990\ef5c01345_si_001.xlsx
IL4,[HMIM][NO3],-1.6602050294877537,0.36672428,293.15,1,0,0,10,0,0,0,0,0,0,0,0,0,0,0,0,0,3,[157],1.443000000300528,0.19009999999999996,S4-Experimental data_Unique ILs,data\raw\figshare_29228990\ef5c01345_si_001.xlsx
IL4,[HMIM][NO3],-1.4317102246503732,0.643956936,293.15,1,0,0,10,0,0,0,0,0,0,0,0,0,0,0,0,0,3,[157],1.9039999992970935,0.2389,S4-Experimental data_Unique ILs,data\raw\figshare_29228990\ef5c01345_si_001.xlsx
IL4,[HMIM][NO3],-1.2772606000957683,0.838112951,293.15,1,0,0,10,0,0,0,0,0,0,0,0,0,0,0,0,0,3,[157],2.312000000438977,0.2788,S4-Experimental data_Unique ILs,data\raw\figshare_29228990\ef5c01345_si_001.xlsx
IL4,[HMIM][NO3],-1.1428777049661252,1.017763701,293.15,1,0,0,10,0,0,0,0,0,0,0,0,0,0,0,0,0,3,[157],2.767000000540149,0.31889999999999996,S4-Experimental data_Unique ILs,data\raw\figshare_29228990\ef5c01345_si_001.xlsx
IL4,[HMIM][NO3],-1.0387408916307195,1.16315081,293.15,1,0,0,10,0,0,0,0,0,0,0,0,0,0,0,0,0,3,[157],3.2000000006218214,0.35389999999999994,S4-Experimental data_Unique ILs,data\raw\figshare_29228990\ef5c01345_si_001.xlsx
IL4,[HMIM][NO3],-3.123565645063876,-1.068568167,303.15,1,0,0,10,0,0,0,0,0,0,0,0,0,0,0,0,0,3,[157],0.3435000001098283,0.044000000000000004,S4-Experimental data_Unique ILs,data\raw\figshare_29228990\ef5c01345_si_001.xlsx
IL4,[HMIM][NO3],-2.4372599963206474,-0.354534379,303.15,1,0,0,10,0,0,0,0,0,0,0,0,0,0,0,0,0,3,[157],0.7015000003083944,0.08739999999999999,S4-Experimental data_Unique ILs,data\raw\figshare_29228990\ef5c01345_si_001.xlsx
IL4,[HMIM][NO3],-2.004705195565819,0.141499562,303.15,1,0,0,10,0,0,0,0,0,0,0,0,0,0,0,0,0,3,[157],1.1519999996846981,0.13469999999999996,S4-Experimental data_Unique ILs,data\raw\figshare_29228990\ef5c01345_si_001.xlsx
IL4,[HMIM][NO3],-1.7406861990440543,0.45362015,303.15,1,0,0,10,0,0,0,0,0,0,0,0,0,0,0,0,0,3,[157],1.5740000000075371,0.1754,S4-Experimental data_Unique ILs,data\raw\figshare_29228990\ef5c01345_si_001.xlsx
IL4,[HMIM][NO3],-1.5132190546935573,0.731887009,303.15,1,0,0,10,0,0,0,0,0,0,0,0,0,0,0,0,0,3,[157],2.079000000258054,0.22020000000000003,S4-Experimental data_Unique ILs,data\raw\figshare_29228990\ef5c01345_si_001.xlsx
IL4,[HMIM][NO3],-1.3579012866186728,0.926241063,303.15,1,0,0,10,0,0,0,0,0,0,0,0,0,0,0,0,0,3,[157],2.525000000688509,0.2572,S4-Experimental data_Unique ILs,data\raw\figshare_29228990\ef5c01345_si_001.xlsx
IL4,[HMIM][NO3],-1.221797389238488,1.107241615,303.15,1,0,0,10,0,0,0,0,0,0,0,0,0,0,0,0,0,3,[157],3.025999998891987,0.2947,S4-Experimental data_Unique ILs,data\raw\figshare_29228990\ef5c01345_si_001.xlsx
IL4,[HMIM][NO3],-1.1132184410574717,1.251619458,303.15,1,0,0,10,0,0,0,0,0,0,0,0,0,0,0,0,0,3,[157],3.4960000007226615,0.32850000000000007,S4-Experimental data_Unique ILs,data\raw\figshare_29228990\ef5c01345_si_001.xlsx
IL4,[HMIM][NO3],-3.2064533048696435,-0.986176859,313.15,1,0,0,10,0,0,0,0,0,0,0,0,0,0,0,0,0,3,[157],0.37300000012619394,0.0405,S4-Experimental data_Unique ILs,data\raw\figshare_29228990\ef5c01345_si_001.xlsx
IL4,[HMIM][NO3],-2.5157783134550873,-0.275753502,313.15,1,0,0,10,0,0,0,0,0,0,0,0,0,0,0,0,0,3,[157],0.7589999996861589,0.08080000000000001,S4-Experimental data_Unique ILs,data\raw\figshare_29228990\ef5c01345_si_001.xlsx
IL4,[HMIM][NO3],-2.073061934715797,0.216722984,313.15,1,0,0,10,0,0,0,0,0,0,0,0,0,0,0,0,0,3,[157],1.2420000006069816,0.12580000000000002,S4-Experimental data_Unique ILs,data\raw\figshare_29228990\ef5c01345_si_001.xlsx
IL4,[HMIM][NO3],-1.8048447087767103,0.527682741,313.15,1,0,0,10,0,0,0,0,0,0,0,0,0,0,0,0,0,3,[157],1.695000000284059,0.16450000000000004,S4-Experimental data_Unique ILs,data\raw\figshare_29228990\ef5c01345_si_001.xlsx
IL4,[HMIM][NO3],-1.5784238589049309,0.808705521,313.15,1,0,0,10,0,0,0,0,0,0,0,0,0,0,0,0,0,3,[157],2.2449999995639813,0.2063,S4-Experimental data_Unique ILs,data\raw\figshare_29228990\ef5c01345_si_001.xlsx
IL4,[HMIM][NO3],-1.4188175528254507,1.003202104,313.15,1,0,0,10,0,0,0,0,0,0,0,0,0,0,0,0,0,3,[157],2.7270000003723682,0.24199999999999997,S4-Experimental data_Unique ILs,data\raw\figshare_29228990\ef5c01345_si_001.xlsx
IL4,[HMIM][NO3],-1.2779782176364316,1.184178177,313.15,1,0,0,10,0,0,0,0,0,0,0,0,0,0,0,0,0,3,[157],3.2680000000073317,0.2786,S4-Experimental data_Unique ILs,data\raw\figshare_29228990\ef5c01345_si_001.xlsx
IL4,[HMIM][NO3],-1.1663559407546291,1.329459424,313.15,1,0,0,10,0,0,0,0,0,0,0,0,0,0,0,0,0,3,[157],3.778999998611777,0.31150000000000005,S4-Experimental data_Unique ILs,data\raw\figshare_29228990\ef5c01345_si_001.xlsx
IL4,[HMIM][NO3],-3.2623053827955366,-0.91130319,323.15,1,0,0,10,0,0,0,0,0,0,0,0,0,0,0,0,0,3,[157],0.4020000001459726,0.03830000000000001,S4-Experimental data_Unique ILs,data\raw\figshare_29228990\ef5c01345_si_001.xlsx
IL4,[HMIM][NO3],-2.583622622727158,-0.208254939,323.15,1,0,0,10,0,0,0,0,0,0,0,0,0,0,0,0,0,3,[157],0.8119999998542128,0.07550000000000001,S4-Experimental data_Unique ILs,data\raw\figshare_29228990\ef5c01345_si_001.xlsx
IL4,[HMIM][NO3],-2.1362235557788205,0.28442678,323.15,1,0,0,10,0,0,0,0,0,0,0,0,0,0,0,0,0,3,[157],1.329000000357357,0.1181,S4-Experimental data_Unique ILs,data\raw\figshare_29228990\ef5c01345_si_001.xlsx
IL4,[HMIM][NO3],-1.8643301620628905,0.594982932,323.15,1,0,0,10,0,0,0,0,0,0,0,0,0,0,0,0,0,3,[157],1.8130000004120694,0.155,S4-Experimental data_Unique ILs,data\raw\figshare_29228990\ef5c01345_si_001.xlsx
IL4,[HMIM][NO3],-1.6347557204183902,0.876301724,323.15,1,0,0,10,0,0,0,0,0,0,0,0,0,0,0,0,0,3,[157],2.402000000821984,0.195,S4-Experimental data_Unique ILs,data\raw\figshare_29228990\ef5c01345_si_001.xlsx
IL4,[HMIM][NO3],-1.4753441779534016,1.072610486,323.15,1,0,0,10,0,0,0,0,0,0,0,0,0,0,0,0,0,3,[157],2.922999999622615,0.22870000000000001,S4-Experimental data_Unique ILs,data\raw\figshare_29228990\ef5c01345_si_001.xlsx
IL4,[HMIM][NO3],-1.328780454919284,1.253334234,323.15,1,0,0,10,0,0,0,0,0,0,0,0,0,0,0,0,0,3,[157],3.5020000004774623,0.2647999999999999,S4-Experimental data_Unique ILs,data\raw\figshare_29228990\ef5c01345_si_001.xlsx
IL4,[HMIM][NO3],-1.209655587461434,1.398469937,323.15,1,0,0,10,0,0,0,0,0,0,0,0,0,0,0,0,0,3,[157],4.048999999797452,0.29830000000000007,S4-Experimental data_Unique ILs,data\raw\figshare_29228990\ef5c01345_si_001.xlsx
IL4,[HMIM][NO3],-3.3354096411241523,-0.84629836,333.15,1,0,0,10,0,0,0,0,0,0,0,0,0,0,0,0,0,3,[157],0.4290000000232175,0.0356,S4-Experimental data_Unique ILs,data\raw\figshare_29228990\ef5c01345_si_001.xlsx
IL4,[HMIM][NO3],-2.650725134482941,-0.14618251,333.15,1,0,0,10,0,0,0,0,0,0,0,0,0,0,0,0,0,3,[157],0.8640000001538624,0.0706,S4-Experimental data_Unique ILs,data\raw\figshare_29228990\ef5c01345_si_001.xlsx
IL4,[HMIM][NO3],-2.1919385729069822,0.343589704,333.15,1,0,0,10,0,0,0,0,0,0,0,0,0,0,0,0,0,3,[157],1.4099999994499917,0.11169999999999998,S4-Experimental data_Unique ILs,data\raw\figshare_29228990\ef5c01345_si_001.xlsx
IL4,[HMIM][NO3],-1.9214126774549258,0.654925968,333.15,1,0,0,10,0,0,0,0,0,0,0,0,0,0,0,0,0,3,[157],1.925000000500986,0.1464,S4-Experimental data_Unique ILs,data\raw\figshare_29228990\ef5c01345_si_001.xlsx
IL4,[HMIM][NO3],-1.6890223917769427,0.938052224,333.15,1,0,0,10,0,0,0,0,0,0,0,0,0,0,0,0,0,3,[157],2.555000000879769,0.1847,S4-Experimental data_Unique ILs,data\raw\figshare_29228990\ef5c01345_si_001.xlsx
IL4,[HMIM][NO3],-1.5209692644464923,1.13365763,333.15,1,0,0,10,0,0,0,0,0,0,0,0,0,0,0,0,0,3,[157],3.106999998723302,0.21849999999999997,S4-Experimental data_Unique ILs,data\raw\figshare_29228990\ef5c01345_si_001.xlsx
IL4,[HMIM][NO3],-1.3727860110950982,1.315335272,333.15,1,0,0,10,0,0,0,0,0,0,0,0,0,0,0,0,0,3,[157],3.725999999331568,0.2534,S4-Experimental data_Unique ILs,data\raw\figshare_29228990\ef5c01345_si_001.xlsx
IL4,[HMIM][NO3],-1.247228312996893,1.456752825,333.15,1,0,0,10,0,0,0,0,0,0,0,0,0,0,0,0,0,3,[157],4.292000000993803,0.28730000000000006,S4-Experimental data_Unique ILs,data\raw\figshare_29228990\ef5c01345_si_001.xlsx
IL4,[HMIM][NO3],-3.3755296349135775,-0.789658081,343.15,1,0,0,10,0,0,0,0,0,0,0,0,0,0,0,0,0,3,[157],0.45399999997311824,0.0342,S4-Experimental data_Unique ILs,data\raw\figshare_29228990\ef5c01345_si_001.xlsx
IL4,[HMIM][NO3],-2.700082031453033,-0.092115289,343.15,1,0,0,10,0,0,0,0,0,0,0,0,0,0,0,0,0,3,[157],0.9119999999159187,0.0672,S4-Experimental data_Unique ILs,data\raw\figshare_29228990\ef5c01345_si_001.xlsx
IL4,[HMIM][NO3],-2.24431618487007,0.397432936,343.15,1,0,0,10,0,0,0,0,0,0,0,0,0,0,0,0,0,3,[157],1.4879999993885806,0.106,S4-Experimental data_Unique ILs,data\raw\figshare_29228990\ef5c01345_si_001.xlsx
IL4,[HMIM][NO3],-1.9625477902083366,0.708528283,343.15,1,0,0,10,0,0,0,0,0,0,0,0,0,0,0,0,0,3,[157],2.031000000815959,0.1405,S4-Experimental data_Unique ILs,data\raw\figshare_29228990\ef5c01345_si_001.xlsx
IL4,[HMIM][NO3],-1.7321706778163974,0.992510758,343.15,1,0,0,10,0,0,0,0,0,0,0,0,0,0,0,0,0,3,[157],2.698000000578548,0.1769,S4-Experimental data_Unique ILs,data\raw\figshare_29228990\ef5c01345_si_001.xlsx
IL4,[HMIM][NO3],-1.5606477482646683,1.188757639,343.15,1,0,0,10,0,0,0,0,0,0,0,0,0,0,0,0,0,3,[157],3.2830000015776273,0.21,S4-Experimental data_Unique ILs,data\raw\figshare_29228990\ef5c01345_si_001.xlsx
IL4,[HMIM][NO3],-1.410587053688935,1.372195437,343.15,1,0,0,10,0,0,0,0,0,0,0,0,0,0,0,0,0,3,[157],3.944000001023906,0.24400000000000002,S4-Experimental data_Unique ILs,data\raw\figshare_29228990\ef5c01345_si_001.xlsx
IL4,[HMIM][NO3],-1.2902571729229484,1.518199432,343.15,1,0,0,10,0,0,0,0,0,0,0,0,0,0,0,0,0,3,[157],4.56400000000078,0.2752,S4-Experimental data_Unique ILs,data\raw\figshare_29228990\ef5c01345_si_001.xlsx
IL5,[HMIM][SCN],-1.9105430052180221,-0.116533816,303.15,1,0,0,10,0,0,0,0,0,0,0,0,0,0,0,0,0,2,[156],0.8900000002277969,0.148,S4-Experimental data_Unique ILs,data\raw\figshare_29228990\ef5c01345_si_001.xlsx
IL5,[HMIM][SCN],-1.9105430052180221,0.122217633,313.15,1,0,0,10,0,0,0,0,0,0,0,0,0,0,0,0,0,2,[156],1.1300000003115984,0.148,S4-Experimental data_Unique ILs,data\raw\figshare_29228990\ef5c01345_si_001.xlsx
IL5,[HMIM][SCN],-1.9105430052180221,0.350656872,323.15,1,0,0,10,0,0,0,0,0,0,0,0,0,0,0,0,0,2,[156],1.4200000005492994,0.148,S4-Experimental data_Unique ILs,data\raw\figshare_29228990\ef5c01345_si_001.xlsx
IL5,[HMIM][SCN],-1.9105430052180221,0.518793793,333.15,1,0,0,10,0,0,0,0,0,0,0,0,0,0,0,0,0,2,[156],1.6799999993025183,0.148,S4-Experimental data_Unique ILs,data\raw\figshare_29228990\ef5c01345_si_001.xlsx
IL5,[HMIM][SCN],-1.9105430052180221,0.765467842,343.15,1,0,0,10,0,0,0,0,0,0,0,0,0,0,0,0,0,2,[156],2.1499999996999213,0.148,S4-Experimental data_Unique ILs,data\raw\figshare_29228990\ef5c01345_si_001.xlsx
IL5,[HMIM][SCN],-1.9105430052180221,0.867100488,353.15,1,0,0,10,0,0,0,0,0,0,0,0,0,0,0,0,0,2,[156],2.3800000007535473,0.148,S4-Experimental data_Unique ILs,data\raw\figshare_29228990\ef5c01345_si_001.xlsx
IL5,[HMIM][SCN],-1.9105430052180221,0.970778917,363.15,1,0,0,10,0,0,0,0,0,0,0,0,0,0,0,0,0,2,[156],2.6399999995822863,0.148,S4-Experimental data_Unique ILs,data\raw\figshare_29228990\ef5c01345_si_001.xlsx
IL5,[HMIM][SCN],-1.9105430052180221,1.091923301,373.15,1,0,0,10,0,0,0,0,0,0,0,0,0,0,0,0,0,2,[156],2.980000001438407,0.148,S4-Experimental data_Unique ILs,data\raw\figshare_29228990\ef5c01345_si_001.xlsx
IL5,[HMIM][SCN],-1.3432348716594436,0.727548607,303.15,1,0,0,10,0,0,0,0,0,0,0,0,0,0,0,0,0,2,[156],2.069999999426035,0.261,S4-Experimental data_Unique ILs,data\raw\figshare_29228990\ef5c01345_si_001.xlsx
IL5,[HMIM][SCN],-1.3432348716594436,0.862889955,313.15,1,0,0,10,0,0,0,0,0,0,0,0,0,0,0,0,0,2,[156],2.3699999996515158,0.261,S4-Experimental data_Unique ILs,data\raw\figshare_29228990\ef5c01345_si_001.xlsx
IL5,[HMIM][SCN],-1.3432348716594436,1.033184483,323.15,1,0,0,10,0,0,0,0,0,0,0,0,0,0,0,0,0,2,[156],2.8099999990287112,0.261,S4-Experimental data_Unique ILs,data\raw\figshare_29228990\ef5c01345_si_001.xlsx
IL5,[HMIM][SCN],-1.3432348716594436,1.181727195,333.15,1,0,0,10,0,0,0,0,0,0,0,0,0,0,0,0,0,2,[156],3.2599999987657107,0.261,S4-Experimental data_Unique ILs,data\raw\figshare_29228990\ef5c01345_si_001.xlsx
IL5,[HMIM][SCN],-1.3432348716594436,1.355835154,343.15,1,0,0,10,0,0,0,0,0,0,0,0,0,0,0,0,0,2,[156],3.8800000014154934,0.261,S4-Experimental data_Unique ILs,data\raw\figshare_29228990\ef5c01345_si_001.xlsx
IL5,[HMIM][SCN],-1.3432348716594436,1.519513205,353.15,1,0,0,10,0,0,0,0,0,0,0,0,0,0,0,0,0,2,[156],4.570000000429062,0.261,S4-Experimental data_Unique ILs,data\raw\figshare_29228990\ef5c01345_si_001.xlsx
IL5,[HMIM][SCN],-1.3432348716594436,1.663926098,363.15,1,0,0,10,0,0,0,0,0,0,0,0,0,0,0,0,0,2,[156],5.2800000014880615,0.261,S4-Experimental data_Unique ILs,data\raw\figshare_29228990\ef5c01345_si_001.xlsx
IL5,[HMIM][SCN],-1.3432348716594436,1.776645831,373.15,1,0,0,10,0,0,0,0,0,0,0,0,0,0,0,0,0,2,[156],5.909999997529579,0.261,S4-Experimental data_Unique ILs,data\raw\figshare_29228990\ef5c01345_si_001.xlsx
IL5,[HMIM][SCN],-1.0216512475319814,1.202972304,303.15,1,0,0,10,0,0,0,0,0,0,0,0,0,0,0,0,0,2,[156],3.3300000000254664,0.36,S4-Experimental data_Unique ILs,data\raw\figshare_29228990\ef5c01345_si_001.xlsx
IL5,[HMIM][SCN],-1.0216512475319814,1.340250423,313.15,1,0,0,10,0,0,0,0,0,0,0,0,0,0,0,0,0,2,[156],3.8200000014573923,0.36,S4-Experimental data_Unique ILs,data\raw\figshare_29228990\ef5c01345_si_001.xlsx
IL5,[HMIM][SCN],-1.0216512475319814,1.534714366,323.15,1,0,0,10,0,0,0,0,0,0,0,0,0,0,0,0,0,2,[156],4.639999998894919,0.36,S4-Experimental data_Unique ILs,data\raw\figshare_29228990\ef5c01345_si_001.xlsx
IL5,[HMIM][SCN],-1.0216512475319814,1.719188776,333.15,1,0,0,10,0,0,0,0,0,0,0,0,0,0,0,0,0,2,[156],5.579999997805834,0.36,S4-Experimental data_Unique ILs,data\raw\figshare_29228990\ef5c01345_si_001.xlsx
IL5,[HMIM][SCN],-1.0216512475319814,1.925707442,343.15,1,0,0,10,0,0,0,0,0,0,0,0,0,0,0,0,0,2,[156],6.860000001798734,0.36,S4-Experimental data_Unique ILs,data\raw\figshare_29228990\ef5c01345_si_001.xlsx
IL5,[HMIM][SCN],-1.0216512475319814,2.101692151,353.15,1,0,0,10,0,0,0,0,0,0,0,0,0,0,0,0,0,2,[156],8.180000003152117,0.36,S4-Experimental data_Unique ILs,data\raw\figshare_29228990\ef5c01345_si_001.xlsx
IL5,[HMIM][SCN],-1.0216512475319814,2.265921109,363.15,1,0,0,10,0,0,0,0,0,0,0,0,0,0,0,0,0,2,[156],9.640000003639543,0.36,S4-Experimental data_Unique ILs,data\raw\figshare_29228990\ef5c01345_si_001.xlsx
IL5,[HMIM][SCN],-1.0216512475319814,2.407845604,373.15,1,0,0,10,0,0,0,0,0,0,0,0,0,0,0,0,0,2,[156],11.110000003871404,0.36,S4-Experimental data_Unique ILs,data\raw\figshare_29228990\ef5c01345_si_001.xlsx
IL5,[HMIM][SCN],-0.7830718880879323,1.740466175,303.15,1,0,0,10,0,0,0,0,0,0,0,0,0,0,0,0,0,2,[156],5.700000000909124,0.457,S4-Experimental data_Unique ILs,data\raw\figshare_29228990\ef5c01345_si_001.xlsx
IL5,[HMIM][SCN],-0.7830718880879323,2.013568798,313.15,1,0,0,10,0,0,0,0,0,0,0,0,0,0,0,0,0,2,[156],7.4900000035268315,0.457,S4-Experimental data_Unique ILs,data\raw\figshare_29228990\ef5c01345_si_001.xlsx
IL5,[HMIM][SCN],-0.7830718880879323,2.309560707,323.15,1,0,0,10,0,0,0,0,0,0,0,0,0,0,0,0,0,2,[156],10.07000000271416,0.457,S4-Experimental data_Unique ILs,data\raw\figshare_29228990\ef5c01345_si_001.xlsx
IL5,[HMIM][SCN],-0.7830718880879323,2.58021683,333.15,1,0,0,10,0,0,0,0,0,0,0,0,0,0,0,0,0,2,[156],13.200000005381307,0.457,S4-Experimental data_Unique ILs,data\raw\figshare_29228990\ef5c01345_si_001.xlsx
IL5,[HMIM][SCN],-0.7830718880879323,2.732417558,343.15,1,0,0,10,0,0,0,0,0,0,0,0,0,0,0,0,0,2,[156],15.370000006908743,0.457,S4-Experimental data_Unique ILs,data\raw\figshare_29228990\ef5c01345_si_001.xlsx
IL5,[HMIM][SCN],-0.7830718880879323,2.889816048,353.15,1,0,0,10,0,0,0,0,0,0,0,0,0,0,0,0,0,2,[156],17.990000000675675,0.457,S4-Experimental data_Unique ILs,data\raw\figshare_29228990\ef5c01345_si_001.xlsx
IL5,[HMIM][SCN],-0.7830718880879323,3.017004409,363.15,1,0,0,10,0,0,0,0,0,0,0,0,0,0,0,0,0,2,[156],20.43000000348269,0.457,S4-Experimental data_Unique ILs,data\raw\figshare_29228990\ef5c01345_si_001.xlsx
IL5,[HMIM][SCN],-0.7830718880879323,3.121924299,373.15,1,0,0,10,0,0,0,0,0,0,0,0,0,0,0,0,0,2,[156],22.690000004725178,0.457,S4-Experimental data_Unique ILs,data\raw\figshare_29228990\ef5c01345_si_001.xlsx
IL5,[HMIM][SCN],-0.657780036722654,3.056356895,303.15,1,0,0,10,0,0,0,0,0,0,0,0,0,0,0,0,0,2,[156],21.24999999212845,0.518,S4-Experimental data_Unique ILs,data\raw\figshare_29228990\ef5c01345_si_001.xlsx
IL5,[HMIM][SCN],-0.657780036722654,3.209229448,313.15,1,0,0,10,0,0,0,0,0,0,0,0,0,0,0,0,0,2,[156],24.760000004546047,0.518,S4-Experimental data_Unique ILs,data\raw\figshare_29228990\ef5c01345_si_001.xlsx
IL5,[HMIM][SCN],-0.657780036722654,3.3304172,323.15,1,0,0,10,0,0,0,0,0,0,0,0,0,0,0,0,0,2,[156],27.950000011149022,0.518,S4-Experimental data_Unique ILs,data\raw\figshare_29228990\ef5c01345_si_001.xlsx
IL5,[HMIM][SCN],-0.657780036722654,3.423936869,333.15,1,0,0,10,0,0,0,0,0,0,0,0,0,0,0,0,0,2,[156],30.690000011304814,0.518,S4-Experimental data_Unique ILs,data\raw\figshare_29228990\ef5c01345_si_001.xlsx
IL5,[HMIM][SCN],-0.657780036722654,3.504054767,343.15,1,0,0,10,0,0,0,0,0,0,0,0,0,0,0,0,0,2,[156],33.24999999661305,0.518,S4-Experimental data_Unique ILs,data\raw\figshare_29228990\ef5c01345_si_001.xlsx
IL5,[HMIM][SCN],-0.657780036722654,3.578506397,353.15,1,0,0,10,0,0,0,0,0,0,0,0,0,0,0,0,0,2,[156],35.8200000131615,0.518,S4-Experimental data_Unique ILs,data\raw\figshare_29228990\ef5c01345_si_001.xlsx
IL5,[HMIM][SCN],-0.657780036722654,3.628598523,363.15,1,0,0,10,0,0,0,0,0,0,0,0,0,0,0,0,0,2,[156],37.65999999137562,0.518,S4-Experimental data_Unique ILs,data\raw\figshare_29228990\ef5c01345_si_001.xlsx
IL5,[HMIM][SCN],-0.657780036722654,3.679586407,373.15,1,0,0,10,0,0,0,0,0,0,0,0,0,0,0,0,0,2,[156],39.62999999198112,0.518,S4-Experimental data_Unique ILs,data\raw\figshare_29228990\ef5c01345_si_001.xlsx
IL5,[HMIM][SCN],-0.5762534290884459,3.757705645,303.15,1,0,0,10,0,0,0,0,0,0,0,0,0,0,0,0,0,2,[156],42.84999999812366,0.562,S4-Experimental data_Unique ILs,data\raw\figshare_29228990\ef5c01345_si_001.xlsx
IL5,[HMIM][SCN],-0.5762534290884459,3.825375199,313.15,1,0,0,10,0,0,0,0,0,0,0,0,0,0,0,0,0,2,[156],45.85000001364156,0.562,S4-Experimental data_Unique ILs,data\raw\figshare_29228990\ef5c01345_si_001.xlsx
IL5,[HMIM][SCN],-0.5762534290884459,3.883006056,323.15,1,0,0,10,0,0,0,0,0,0,0,0,0,0,0,0,0,2,[156],48.56999998262878,0.562,S4-Experimental data_Unique ILs,data\raw\figshare_29228990\ef5c01345_si_001.xlsx
IL5,[HMIM][SCN],-0.5762534290884459,3.941970082,333.15,1,0,0,10,0,0,0,0,0,0,0,0,0,0,0,0,0,2,[156],51.52000001050503,0.562,S4-Experimental data_Unique ILs,data\raw\figshare_29228990\ef5c01345_si_001.xlsx
IL5,[HMIM][SCN],-0.5762534290884459,3.986016685,343.15,1,0,0,10,0,0,0,0,0,0,0,0,0,0,0,0,0,2,[156],53.83999998188433,0.562,S4-Experimental data_Unique ILs,data\raw\figshare_29228990\ef5c01345_si_001.xlsx
IL5,[HMIM][SCN],-0.5762534290884459,4.02570877,353.15,1,0,0,10,0,0,0,0,0,0,0,0,0,0,0,0,0,2,[156],56.020000009413444,0.562,S4-Experimental data_Unique ILs,data\raw\figshare_29228990\ef5c01345_si_001.xlsx
IL5,[HMIM][SCN],-0.5762534290884459,4.061821371,363.15,1,0,0,10,0,0,0,0,0,0,0,0,0,0,0,0,0,2,[156],58.080000028079304,0.562,S4-Experimental data_Unique ILs,data\raw\figshare_29228990\ef5c01345_si_001.xlsx
IL5,[HMIM][SCN],-0.5762534290884459,4.09467784,373.15,1,0,0,10,0,0,0,0,0,0,0,0,0,0,0,0,0,2,[156],60.0199999992665,0.562,S4-Experimental data_Unique ILs,data\raw\figshare_29228990\ef5c01345_si_001.xlsx
IL5,[HMIM][SCN],-0.5225608799844117,4.10660246,303.15,1,0,0,10,0,0,0,0,0,0,0,0,0,0,0,0,0,2,[156],60.740000023226834,0.593,S4-Experimental data_Unique ILs,data\raw\figshare_29228990\ef5c01345_si_001.xlsx
IL5,[HMIM][SCN],-0.5225608799844117,4.159039321,313.15,1,0,0,10,0,0,0,0,0,0,0,0,0,0,0,0,0,2,[156],64.00999999014809,0.593,S4-Experimental data_Unique ILs,data\raw\figshare_29228990\ef5c01345_si_001.xlsx
IL5,[HMIM][SCN],-0.5225608799844117,4.204394067,323.15,1,0,0,10,0,0,0,0,0,0,0,0,0,0,0,0,0,2,[156],66.97999997548139,0.593,S4-Experimental data_Unique ILs,data\raw\figshare_29228990\ef5c01345_si_001.xlsx
IL5,[HMIM][SCN],-0.5225608799844117,4.237145361,333.15,1,0,0,10,0,0,0,0,0,0,0,0,0,0,0,0,0,2,[156],69.21000001012041,0.593,S4-Experimental data_Unique ILs,data\raw\figshare_29228990\ef5c01345_si_001.xlsx
IL5,[HMIM][SCN],-0.5225608799844117,4.271513981,343.15,1,0,0,10,0,0,0,0,0,0,0,0,0,0,0,0,0,2,[156],71.63000002676384,0.593,S4-Experimental data_Unique ILs,data\raw\figshare_29228990\ef5c01345_si_001.xlsx
IL5,[HMIM][SCN],-0.5225608799844117,4.301494224,353.15,1,0,0,10,0,0,0,0,0,0,0,0,0,0,0,0,0,2,[156],73.81000001609344,0.593,S4-Experimental data_Unique ILs,data\raw\figshare_29228990\ef5c01345_si_001.xlsx
IL5,[HMIM][SCN],-0.5225608799844117,4.32611744,363.15,1,0,0,10,0,0,0,0,0,0,0,0,0,0,0,0,0,2,[156],75.64999998227029,0.593,S4-Experimental data_Unique ILs,data\raw\figshare_29228990\ef5c01345_si_001.xlsx
IL5,[HMIM][SCN],-0.5225608799844117,4.349115971,373.15,1,0,0,10,0,0,0,0,0,0,0,0,0,0,0,0,0,2,[156],77.40999998323127,0.593,S4-Experimental data_Unique ILs,data\raw\figshare_29228990\ef5c01345_si_001.xlsx
IL5,[HMIM][SCN],-0.49265831981054176,4.353755753,303.15,1,0,0,10,0,0,0,0,0,0,0,0,0,0,0,0,0,2,[156],77.7700000227981,0.611,S4-Experimental data_Unique ILs,data\raw\figshare_29228990\ef5c01345_si_001.xlsx
IL5,[HMIM][SCN],-0.49265831981054176,4.385271365,313.15,1,0,0,10,0,0,0,0,0,0,0,0,0,0,0,0,0,2,[156],80.2600000129403,0.611,S4-Experimental data_Unique ILs,data\raw\figshare_29228990\ef5c01345_si_001.xlsx
IL5,[HMIM][SCN],-0.49265831981054176,4.410614092,323.15,1,0,0,10,0,0,0,0,0,0,0,0,0,0,0,0,0,2,[156],82.32000003903666,0.611,S4-Experimental data_Unique ILs,data\raw\figshare_29228990\ef5c01345_si_001.xlsx
IL5,[HMIM][SCN],-0.49265831981054176,4.436633184,333.15,1,0,0,10,0,0,0,0,0,0,0,0,0,0,0,0,0,2,[156],84.48999998607997,0.611,S4-Experimental data_Unique ILs,data\raw\figshare_29228990\ef5c01345_si_001.xlsx
IL5,[HMIM][SCN],-0.49265831981054176,4.455625549,343.15,1,0,0,10,0,0,0,0,0,0,0,0,0,0,0,0,0,2,[156],86.11000002513774,0.611,S4-Experimental data_Unique ILs,data\raw\figshare_29228990\ef5c01345_si_001.xlsx
IL5,[HMIM][SCN],-0.49265831981054176,4.476882166,353.15,1,0,0,10,0,0,0,0,0,0,0,0,0,0,0,0,0,2,[156],87.96000002757016,0.611,S4-Experimental data_Unique ILs,data\raw\figshare_29228990\ef5c01345_si_001.xlsx
IL5,[HMIM][SCN],-0.49265831981054176,4.495466921,363.15,1,0,0,10,0,0,0,0,0,0,0,0,0,0,0,0,0,2,[156],89.61000000930798,0.611,S4-Experimental data_Unique ILs,data\raw\figshare_29228990\ef5c01345_si_001.xlsx
IL5,[HMIM][SCN],-0.49265831981054176,4.51338379,373.15,1,0,0,10,0,0,0,0,0,0,0,0,0,0,0,0,0,2,[156],91.22999996739593,0.611,S4-Experimental data_Unique ILs,data\raw\figshare_29228990\ef5c01345_si_001.xlsx
IL6,[mp(3)pip][FSI],-6.214608098422191,-4.605170186,298.15,1,0,0,10,0,0,0,0,0,0,0,0,0,0,0,0,0,8,[152],0.009999999999880918,0.0020000000000000005,S4-Experimental data_Unique ILs,data\raw\figshare_29228990\ef5c01345_si_001.xlsx
IL6,[mp(3)pip][FSI],-4.3428059215206005,-2.993734271,298.15,1,0,0,10,0,0,0,0,0,0,0,0,0,0,0,0,0,8,[152],0.05009999999455502,0.012999999999999998,S4-Experimental data_Unique ILs,data\raw\figshare_29228990\ef5c01345_si_001.xlsx
IL6,[mp(3)pip][FSI],-3.7297014486341915,-2.299589584,298.15,1,0,0,10,0,0,0,0,0,0,0,0,0,0,0,0,0,8,[152],0.100300000001429,0.023999999999999997,S4-Experimental data_Unique ILs,data\raw\figshare_29228990\ef5c01345_si_001.xlsx
IL6,[mp(3)pip][FSI],-3.0576076772720784,-1.609938037,298.15,1,0,0,10,0,0,0,0,0,0,0,0,0,0,0,0,0,8,[152],0.19990000009510894,0.04700000000000001,S4-Experimental data_Unique ILs,data\raw\figshare_29228990\ef5c01345_si_001.xlsx
IL6,[mp(3)pip][FSI],-2.659260036932778,-1.203972804,298.15,1,0,0,10,0,0,0,0,0,0,0,0,0,0,0,0,0,8,[152],0.30000000009778083,0.07,S4-Experimental data_Unique ILs,data\raw\figshare_29228990\ef5c01345_si_001.xlsx
IL6,[mp(3)pip][FSI],-2.1892564076870427,-0.693547261,298.15,1,0,0,10,0,0,0,0,0,0,0,0,0,0,0,0,0,8,[152],0.49979999979072626,0.11199999999999999,S4-Experimental data_Unique ILs,data\raw\figshare_29228990\ef5c01345_si_001.xlsx
IL6,[mp(3)pip][FSI],-1.8904754421672127,-0.356674944,298.15,1,0,0,10,0,0,0,0,0,0,0,0,0,0,0,0,0,8,[152],0.6999999999571127,0.151,S4-Experimental data_Unique ILs,data\raw\figshare_29228990\ef5c01345_si_001.xlsx
IL6,[mp(3)pip][FSI],-1.584745299843729,-0.00020002,298.15,1,0,0,10,0,0,0,0,0,0,0,0,0,0,0,0,0,8,[152],0.9998000000026666,0.20499999999999996,S4-Experimental data_Unique ILs,data\raw\figshare_29228990\ef5c01345_si_001.xlsx
IL6,[mp(3)pip][FSI],-1.4312917270506265,0.182321557,298.15,1,0,0,10,0,0,0,0,0,0,0,0,0,0,0,0,0,8,[152],1.2000000002472544,0.239,S4-Experimental data_Unique ILs,data\raw\figshare_29228990\ef5c01345_si_001.xlsx
IL6,[mp(3)pip][FSI],-1.248273063222516,0.405398439,298.15,1,0,0,10,0,0,0,0,0,0,0,0,0,0,0,0,0,8,[152],1.4998999996712568,0.287,S4-Experimental data_Unique ILs,data\raw\figshare_29228990\ef5c01345_si_001.xlsx
IL6,[mp(3)pip][FSI],-1.152013065395225,0.530569426,298.15,1,0,0,10,0,0,0,0,0,0,0,0,0,0,0,0,0,8,[152],1.6999000003355824,0.316,S4-Experimental data_Unique ILs,data\raw\figshare_29228990\ef5c01345_si_001.xlsx
IL6,[mp(3)pip][FSI],-1.0671136216087387,0.641695979,298.15,1,0,0,10,0,0,0,0,0,0,0,0,0,0,0,0,0,8,[152],1.8997000000591444,0.34400000000000003,S4-Experimental data_Unique ILs,data\raw\figshare_29228990\ef5c01345_si_001.xlsx
IL6,[mp(3)pip][FSI],-6.214608098422191,-4.615220522,313.15,1,0,0,10,0,0,0,0,0,0,0,0,0,0,0,0,0,8,[152],0.009899999998431764,0.0020000000000000005,S4-Experimental data_Unique ILs,data\raw\figshare_29228990\ef5c01345_si_001.xlsx
IL6,[mp(3)pip][FSI],-4.710530701645918,-2.995732274,313.15,1,0,0,10,0,0,0,0,0,0,0,0,0,0,0,0,0,8,[152],0.04999999997769956,0.009,S4-Experimental data_Unique ILs,data\raw\figshare_29228990\ef5c01345_si_001.xlsx
IL6,[mp(3)pip][FSI],-4.017383521085972,-2.304587096,313.15,1,0,0,10,0,0,0,0,0,0,0,0,0,0,0,0,0,8,[152],0.09979999996653892,0.018000000000000002,S4-Experimental data_Unique ILs,data\raw\figshare_29228990\ef5c01345_si_001.xlsx
IL6,[mp(3)pip][FSI],-3.3242363405260273,-1.609938037,313.15,1,0,0,10,0,0,0,0,0,0,0,0,0,0,0,0,0,8,[152],0.19990000009510894,0.03599999999999999,S4-Experimental data_Unique ILs,data\raw\figshare_29228990\ef5c01345_si_001.xlsx
IL6,[mp(3)pip][FSI],-2.9187712324178627,-1.203972804,313.15,1,0,0,10,0,0,0,0,0,0,0,0,0,0,0,0,0,8,[152],0.30000000009778083,0.054,S4-Experimental data_Unique ILs,data\raw\figshare_29228990\ef5c01345_si_001.xlsx
IL6,[mp(3)pip][FSI],-2.4418471603275536,-0.693547261,313.15,1,0,0,10,0,0,0,0,0,0,0,0,0,0,0,0,0,8,[152],0.49979999979072626,0.08699999999999998,S4-Experimental data_Unique ILs,data\raw\figshare_29228990\ef5c01345_si_001.xlsx
IL6,[mp(3)pip][FSI],-2.145581344184381,-0.356817811,313.15,1,0,0,10,0,0,0,0,0,0,0,0,0,0,0,0,0,8,[152],0.6999000002006215,0.11699999999999999,S4-Experimental data_Unique ILs,data\raw\figshare_29228990\ef5c01345_si_001.xlsx
IL6,[mp(3)pip][FSI],-1.8325814637483102,-0.000100005,313.15,1,0,0,10,0,0,0,0,0,0,0,0,0,0,0,0,0,8,[152],0.9999000000003333,0.15999999999999998,S4-Experimental data_Unique ILs,data\raw\figshare_29228990\ef5c01345_si_001.xlsx
IL6,[mp(3)pip][FSI],-1.6766466621275504,0.182154876,313.15,1,0,0,10,0,0,0,0,0,0,0,0,0,0,0,0,0,8,[152],1.1997999997158206,0.187,S4-Experimental data_Unique ILs,data\raw\figshare_29228990\ef5c01345_si_001.xlsx
IL6,[mp(3)pip][FSI],-1.491654876777717,0.405998299,313.15,1,0,0,10,0,0,0,0,0,0,0,0,0,0,0,0,0,8,[152],1.5007999995950494,0.225,S4-Experimental data_Unique ILs,data\raw\figshare_29228990\ef5c01345_si_001.xlsx
IL6,[mp(3)pip][FSI],-1.3862943611198906,0.530569426,313.15,1,0,0,10,0,0,0,0,0,0,0,0,0,0,0,0,0,8,[152],1.6999000003355824,0.25,S4-Experimental data_Unique ILs,data\raw\figshare_29228990\ef5c01345_si_001.xlsx
IL6,[mp(3)pip][FSI],-1.3019532126861397,0.641695979,313.15,1,0,0,10,0,0,0,0,0,0,0,0,0,0,0,0,0,8,[152],1.8997000000591444,0.272,S4-Experimental data_Unique ILs,data\raw\figshare_29228990\ef5c01345_si_001.xlsx
IL6,[mp(3)pip][FSI],-6.214608098422191,-4.605170186,343.15,1,0,0,10,0,0,0,0,0,0,0,0,0,0,0,0,0,8,[152],0.009999999999880918,0.0020000000000000005,S4-Experimental data_Unique ILs,data\raw\figshare_29228990\ef5c01345_si_001.xlsx
IL6,[mp(3)pip][FSI],-5.298317366548036,-2.989750202,343.15,1,0,0,10,0,0,0,0,0,0,0,0,0,0,0,0,0,8,[152],0.0502999999937851,0.005000000000000002,S4-Experimental data_Unique ILs,data\raw\figshare_29228990\ef5c01345_si_001.xlsx
IL6,[mp(3)pip][FSI],-4.509860006183766,-2.302585093,343.15,1,0,0,10,0,0,0,0,0,0,0,0,0,0,0,0,0,8,[152],0.09999999999940459,0.011000000000000005,S4-Experimental data_Unique ILs,data\raw\figshare_29228990\ef5c01345_si_001.xlsx
IL6,[mp(3)pip][FSI],-3.7722610630529876,-1.609938037,343.15,1,0,0,10,0,0,0,0,0,0,0,0,0,0,0,0,0,8,[152],0.19990000009510894,0.022999999999999996,S4-Experimental data_Unique ILs,data\raw\figshare_29228990\ef5c01345_si_001.xlsx
IL6,[mp(3)pip][FSI],-3.3813947543659757,-1.205307027,343.15,1,0,0,10,0,0,0,0,0,0,0,0,0,0,0,0,0,8,[152],0.29960000010158616,0.033999999999999996,S4-Experimental data_Unique ILs,data\raw\figshare_29228990\ef5c01345_si_001.xlsx
IL6,[mp(3)pip][FSI],-2.9374633654300153,-0.693147181,343.15,1,0,0,10,0,0,0,0,0,0,0,0,0,0,0,0,0,8,[152],0.49999999977997267,0.053,S4-Experimental data_Unique ILs,data\raw\figshare_29228990\ef5c01345_si_001.xlsx
IL6,[mp(3)pip][FSI],-2.645075401940822,-0.357103607,343.15,1,0,0,10,0,0,0,0,0,0,0,0,0,0,0,0,0,8,[152],0.6997000001611311,0.071,S4-Experimental data_Unique ILs,data\raw\figshare_29228990\ef5c01345_si_001.xlsx
IL6,[mp(3)pip][FSI],-2.312635428847547,-0.00020002,343.15,1,0,0,10,0,0,0,0,0,0,0,0,0,0,0,0,0,8,[152],0.9998000000026666,0.099,S4-Experimental data_Unique ILs,data\raw\figshare_29228990\ef5c01345_si_001.xlsx
IL6,[mp(3)pip][FSI],-2.137070654516472,0.182154876,343.15,1,0,0,10,0,0,0,0,0,0,0,0,0,0,0,0,0,8,[152],1.1997999997158206,0.11800000000000002,S4-Experimental data_Unique ILs,data\raw\figshare_29228990\ef5c01345_si_001.xlsx
IL6,[mp(3)pip][FSI],-1.9379419794061366,0.405265088,343.15,1,0,0,10,0,0,0,0,0,0,0,0,0,0,0,0,0,8,[152],1.4996999998417857,0.144,S4-Experimental data_Unique ILs,data\raw\figshare_29228990\ef5c01345_si_001.xlsx
IL6,[mp(3)pip][FSI],-1.8325814637483102,0.530569426,343.15,1,0,0,10,0,0,0,0,0,0,0,0,0,0,0,0,0,8,[152],1.6999000003355824,0.15999999999999998,S4-Experimental data_Unique ILs,data\raw\figshare_29228990\ef5c01345_si_001.xlsx
IL6,[mp(3)pip][FSI],-1.7544636844843582,0.641801253,343.15,1,0,0,10,0,0,0,0,0,0,0,0,0,0,0,0,0,8,[152],1.8998999996041421,0.173,S4-Experimental data_Unique ILs,data\raw\figshare_29228990\ef5c01345_si_001.xlsx
IL7,"[N1,8,8,8][FOR]",-2.474560357733856,-2.198225078,303.15,1,0,0,24,0,0,0,0,0,0,0,0,0,0,0,0,0,2,[167],0.11099999996334811,0.08419999999999998,S4-Experimental data_Unique ILs,data\raw\figshare_29228990\ef5c01345_si_001.xlsx
IL7,"[N1,8,8,8][FOR]",-2.015153051797474,-1.57987911,303.15,1,0,0,24,0,0,0,0,0,0,0,0,0,0,0,0,0,2,[167],0.20600000003966654,0.1333,S4-Experimental data_Unique ILs,data\raw\figshare_29228990\ef5c01345_si_001.xlsx
IL7,"[N1,8,8,8][FOR]",-1.7367032634799766,-1.161552088,303.15,1,0,0,24,0,0,0,0,0,0,0,0,0,0,0,0,0,2,[167],0.3130000001383409,0.1761,S4-Experimental data_Unique ILs,data\raw\figshare_29228990\ef5c01345_si_001.xlsx
IL7,"[N1,8,8,8][FOR]",-1.556371191497408,-0.884307686,303.15,1,0,0,24,0,0,0,0,0,0,0,0,0,0,0,0,0,2,[167],0.41300000000871606,0.2109,S4-Experimental data_Unique ILs,data\raw\figshare_29228990\ef5c01345_si_001.xlsx
IL7,"[N1,8,8,8][FOR]",-1.420471812921477,-0.657780037,303.15,1,0,0,24,0,0,0,0,0,0,0,0,0,0,0,0,0,2,[167],0.5179999998563348,0.24160000000000004,S4-Experimental data_Unique ILs,data\raw\figshare_29228990\ef5c01345_si_001.xlsx
IL7,"[N1,8,8,8][FOR]",-1.3115580150058734,-0.47320876,303.15,1,0,0,24,0,0,0,0,0,0,0,0,0,0,0,0,0,2,[167],0.6230000001212881,0.26940000000000003,S4-Experimental data_Unique ILs,data\raw\figshare_29228990\ef5c01345_si_001.xlsx
IL7,"[N1,8,8,8][FOR]",-1.228948790396113,-0.332679438,303.15,1,0,0,24,0,0,0,0,0,0,0,0,0,0,0,0,0,2,[167],0.7170000002742645,0.2926,S4-Experimental data_Unique ILs,data\raw\figshare_29228990\ef5c01345_si_001.xlsx
IL7,"[N1,8,8,8][FOR]",-1.1548652302189082,-0.202116184,303.15,1,0,0,24,0,0,0,0,0,0,0,0,0,0,0,0,0,2,[167],0.8170000000997836,0.3151,S4-Experimental data_Unique ILs,data\raw\figshare_29228990\ef5c01345_si_001.xlsx
IL7,"[N1,8,8,8][FOR]",-1.0933262842388722,-0.088831214,303.15,1,0,0,24,0,0,0,0,0,0,0,0,0,0,0,0,0,2,[167],0.9149999997315534,0.3351,S4-Experimental data_Unique ILs,data\raw\figshare_29228990\ef5c01345_si_001.xlsx
IL7,"[N1,8,8,8][FOR]",-1.0356374895067213,0.019802627,303.15,1,0,0,24,0,0,0,0,0,0,0,0,0,0,0,0,0,2,[167],1.0199999996978968,0.355,S4-Experimental data_Unique ILs,data\raw\figshare_29228990\ef5c01345_si_001.xlsx
IL7,"[N1,8,8,8][FOR]",-3.158251203051766,-2.847312268,313.15,1,0,0,24,0,0,0,0,0,0,0,0,0,0,0,0,0,2,[167],0.05800000002527163,0.042499999999999996,S4-Experimental data_Unique ILs,data\raw\figshare_29228990\ef5c01345_si_001.xlsx
IL7,"[N1,8,8,8][FOR]",-2.197324582336553,-1.660731207,313.15,1,0,0,24,0,0,0,0,0,0,0,0,0,0,0,0,0,2,[167],0.18999999996611366,0.11109999999999999,S4-Experimental data_Unique ILs,data\raw\figshare_29228990\ef5c01345_si_001.xlsx
IL7,"[N1,8,8,8][FOR]",-1.919365593833201,-1.244794799,313.15,1,0,0,24,0,0,0,0,0,0,0,0,0,0,0,0,0,2,[167],0.2879999999557031,0.1467,S4-Experimental data_Unique ILs,data\raw\figshare_29228990\ef5c01345_si_001.xlsx
IL7,"[N1,8,8,8][FOR]",-1.6868590594026853,-0.94160854,313.15,1,0,0,24,0,0,0,0,0,0,0,0,0,0,0,0,0,2,[167],0.3899999999447935,0.1851,S4-Experimental data_Unique ILs,data\raw\figshare_29228990\ef5c01345_si_001.xlsx
IL7,"[N1,8,8,8][FOR]",-1.528780009416646,-0.705219762,313.15,1,0,0,24,0,0,0,0,0,0,0,0,0,0,0,0,0,2,[167],0.493999999898342,0.2168,S4-Experimental data_Unique ILs,data\raw\figshare_29228990\ef5c01345_si_001.xlsx
IL7,"[N1,8,8,8][FOR]",-1.4109969737602623,-0.509160344,313.15,1,0,0,24,0,0,0,0,0,0,0,0,0,0,0,0,0,2,[167],0.6010000002686047,0.24390000000000003,S4-Experimental data_Unique ILs,data\raw\figshare_29228990\ef5c01345_si_001.xlsx
IL7,"[N1,8,8,8][FOR]",-1.3156495215505586,-0.349557476,313.15,1,0,0,24,0,0,0,0,0,0,0,0,0,0,0,0,0,2,[167],0.7050000001197573,0.2683,S4-Experimental data_Unique ILs,data\raw\figshare_29228990\ef5c01345_si_001.xlsx
IL7,"[N1,8,8,8][FOR]",-1.236840407951553,-0.215671536,313.15,1,0,0,24,0,0,0,0,0,0,0,0,0,0,0,0,0,2,[167],0.80600000038326,0.2903,S4-Experimental data_Unique ILs,data\raw\figshare_29228990\ef5c01345_si_001.xlsx
IL7,"[N1,8,8,8][FOR]",-1.1593181637855046,-0.089924708,313.15,1,0,0,24,0,0,0,0,0,0,0,0,0,0,0,0,0,2,[167],0.9139999995685801,0.31370000000000003,S4-Experimental data_Unique ILs,data\raw\figshare_29228990\ef5c01345_si_001.xlsx
IL7,"[N1,8,8,8][FOR]",-1.0927296255099543,0.01093994,313.15,1,0,0,24,0,0,0,0,0,0,0,0,0,0,0,0,0,2,[167],1.010999999961244,0.33529999999999993,S4-Experimental data_Unique ILs,data\raw\figshare_29228990\ef5c01345_si_001.xlsx
IL7,"[N1,8,8,8][FOR]",-3.146555163288575,-2.525728644,323.15,1,0,0,24,0,0,0,0,0,0,0,0,0,0,0,0,0,2,[167],0.08000000002466044,0.04299999999999999,S4-Experimental data_Unique ILs,data\raw\figshare_29228990\ef5c01345_si_001.xlsx
IL7,"[N1,8,8,8][FOR]",-2.3676570897377607,-1.63989712,323.15,1,0,0,24,0,0,0,0,0,0,0,0,0,0,0,0,0,2,[167],0.1939999999842489,0.09369999999999999,S4-Experimental data_Unique ILs,data\raw\figshare_29228990\ef5c01345_si_001.xlsx
IL7,"[N1,8,8,8][FOR]",-2.0541637344955674,-1.22758267,323.15,1,0,0,24,0,0,0,0,0,0,0,0,0,0,0,0,0,2,[167],0.2929999999897654,0.12819999999999998,S4-Experimental data_Unique ILs,data\raw\figshare_29228990\ef5c01345_si_001.xlsx
IL7,"[N1,8,8,8][FOR]",-1.830084583549723,-0.926341068,323.15,1,0,0,24,0,0,0,0,0,0,0,0,0,0,0,0,0,2,[167],0.39599999989215195,0.1604,S4-Experimental data_Unique ILs,data\raw\figshare_29228990\ef5c01345_si_001.xlsx
IL7,"[N1,8,8,8][FOR]",-1.6518236289305381,-0.68121861,323.15,1,0,0,24,0,0,0,0,0,0,0,0,0,0,0,0,0,2,[167],0.5059999998455038,0.1917,S4-Experimental data_Unique ILs,data\raw\figshare_29228990\ef5c01345_si_001.xlsx
IL7,"[N1,8,8,8][FOR]",-1.5260163042950279,-0.494296322,323.15,1,0,0,24,0,0,0,0,0,0,0,0,0,0,0,0,0,2,[167],0.6099999998870159,0.2174,S4-Experimental data_Unique ILs,data\raw\figshare_29228990\ef5c01345_si_001.xlsx
IL7,"[N1,8,8,8][FOR]",-1.4258671362397137,-0.345311185,323.15,1,0,0,24,0,0,0,0,0,0,0,0,0,0,0,0,0,2,[167],0.7080000002041994,0.2403,S4-Experimental data_Unique ILs,data\raw\figshare_29228990\ef5c01345_si_001.xlsx
IL7,"[N1,8,8,8][FOR]",-1.336742582290643,-0.209487225,323.15,1,0,0,24,0,0,0,0,0,0,0,0,0,0,0,0,0,2,[167],0.8109999998919133,0.2627,S4-Experimental data_Unique ILs,data\raw\figshare_29228990\ef5c01345_si_001.xlsx
IL7,"[N1,8,8,8][FOR]",-1.2584289901219947,-0.094310679,323.15,1,0,0,24,0,0,0,0,0,0,0,0,0,0,0,0,0,2,[167],0.9100000004288296,0.2841,S4-Experimental data_Unique ILs,data\raw\figshare_29228990\ef5c01345_si_001.xlsx
IL7,"[N1,8,8,8][FOR]",-1.198653642848336,0.013902905,323.15,1,0,0,24,0,0,0,0,0,0,0,0,0,0,0,0,0,2,[167],1.0139999998286426,0.3016,S4-Experimental data_Unique ILs,data\raw\figshare_29228990\ef5c01345_si_001.xlsx
IL7,"[N1,8,8,8][FOR]",-3.20398721237445,-2.44184716,333.15,1,0,0,24,0,0,0,0,0,0,0,0,0,0,0,0,0,2,[167],0.08700000002849714,0.0406,S4-Experimental data_Unique ILs,data\raw\figshare_29228990\ef5c01345_si_001.xlsx
IL7,"[N1,8,8,8][FOR]",-2.54720767598538,-1.666008264,333.15,1,0,0,24,0,0,0,0,0,0,0,0,0,0,0,0,0,2,[167],0.1889999999853515,0.07829999999999998,S4-Experimental data_Unique ILs,data\raw\figshare_29228990\ef5c01345_si_001.xlsx
IL7,"[N1,8,8,8][FOR]",-2.159350924908138,-1.194022473,333.15,1,0,0,24,0,0,0,0,0,0,0,0,0,0,0,0,0,2,[167],0.3030000001432487,0.11539999999999999,S4-Experimental data_Unique ILs,data\raw\figshare_29228990\ef5c01345_si_001.xlsx
IL7,"[N1,8,8,8][FOR]",-1.9351680525234112,-0.913793852,333.15,1,0,0,24,0,0,0,0,0,0,0,0,0,0,0,0,0,2,[167],0.40099999986990276,0.1444,S4-Experimental data_Unique ILs,data\raw\figshare_29228990\ef5c01345_si_001.xlsx
IL7,"[N1,8,8,8][FOR]",-1.7395465977811206,-0.669430654,333.15,1,0,0,24,0,0,0,0,0,0,0,0,0,0,0,0,0,2,[167],0.5119999999706262,0.17560000000000003,S4-Experimental data_Unique ILs,data\raw\figshare_29228990\ef5c01345_si_001.xlsx
IL7,"[N1,8,8,8][FOR]",-1.6220166946409604,-0.497580397,333.15,1,0,0,24,0,0,0,0,0,0,0,0,0,0,0,0,0,2,[167],0.6080000000097098,0.1975,S4-Experimental data_Unique ILs,data\raw\figshare_29228990\ef5c01345_si_001.xlsx
IL7,"[N1,8,8,8][FOR]",-1.5123112017033775,-0.335472736,333.15,1,0,0,24,0,0,0,0,0,0,0,0,0,0,0,0,0,2,[167],0.7150000002060125,0.2204,S4-Experimental data_Unique ILs,data\raw\figshare_29228990\ef5c01345_si_001.xlsx
IL7,"[N1,8,8,8][FOR]",-1.4188175528254507,-0.199671195,333.15,1,0,0,24,0,0,0,0,0,0,0,0,0,0,0,0,0,2,[167],0.8190000001057064,0.24199999999999997,S4-Experimental data_Unique ILs,data\raw\figshare_29228990\ef5c01345_si_001.xlsx
IL7,"[N1,8,8,8][FOR]",-1.3432348716594436,-0.093212382,333.15,1,0,0,24,0,0,0,0,0,0,0,0,0,0,0,0,0,2,[167],0.9109999997469048,0.261,S4-Experimental data_Unique ILs,data\raw\figshare_29228990\ef5c01345_si_001.xlsx
IL7,"[N1,8,8,8][FOR]",-1.2786963505218725,0.005982072,333.15,1,0,0,24,0,0,0,0,0,0,0,0,0,0,0,0,0,2,[167],1.0060000003243872,0.2784,S4-Experimental data_Unique ILs,data\raw\figshare_29228990\ef5c01345_si_001.xlsx
