y_true,y_pred,control,model,seed,n,r2,rmse,mae
-6.72,5.554379597781639,y_randomization,lightgbm,42,765,-0.13597209098202168,3.613817633112982,2.994746427133739
-2.0,5.2396541870510545,y_randomization,lightgbm,42,765,-0.13597209098202168,3.613817633112982,2.994746427133739
-1.7,8.347549748585541,y_randomization,lightgbm,42,765,-0.13597209098202168,3.613817633112982,2.994746427133739
-1.42,6.3252430461477696,y_randomization,lightgbm,42,765,-0.13597209098202168,3.613817633112982,2.994746427133739
-0.97,5.649144067557715,y_randomization,lightgbm,42,765,-0.13597209098202168,3.613817633112982,2.994746427133739
-0.61,6.482297875228185,y_randomization,lightgbm,42,765,-0.13597209098202168,3.613817633112982,2.994746427133739
-0.13,6.171049113956472,y_randomization,lightgbm,42,765,-0.13597209098202168,3.613817633112982,2.994746427133739
0.03,7.335342338125969,y_randomization,lightgbm,42,765,-0.13597209098202168,3.613817633112982,2.994746427133739
0.3,7.571248370199973,y_randomization,lightgbm,42,765,-0.13597209098202168,3.613817633112982,2.994746427133739
0.37,6.949660154754315,y_randomization,lightgbm,42,765,-0.13597209098202168,3.613817633112982,2.994746427133739
0.48,7.449761296443882,y_randomization,lightgbm,42,765,-0.13597209098202168,3.613817633112982,2.994746427133739
0.7,8.595035272337162,y_randomization,lightgbm,42,765,-0.13597209098202168,3.613817633112982,2.994746427133739
0.8,4.743551633028823,y_randomization,lightgbm,42,765,-0.13597209098202168,3.613817633112982,2.994746427133739
0.92,5.769362298855688,y_randomization,lightgbm,42,765,-0.13597209098202168,3.613817633112982,2.994746427133739
1.07,9.112224472497426,y_randomization,lightgbm,42,765,-0.13597209098202168,3.613817633112982,2.994746427133739
1.15,8.968151708095046,y_randomization,lightgbm,42,765,-0.13597209098202168,3.613817633112982,2.994746427133739
1.22,4.160303550418209,y_randomization,lightgbm,42,765,-0.13597209098202168,3.613817633112982,2.994746427133739
1.29,6.443761942578291,y_randomization,lightgbm,42,765,-0.13597209098202168,3.613817633112982,2.994746427133739
1.33,7.316319905540538,y_randomization,lightgbm,42,765,-0.13597209098202168,3.613817633112982,2.994746427133739
1.37,7.7895125531952445,y_randomization,lightgbm,42,765,-0.13597209098202168,3.613817633112982,2.994746427133739
1.41,5.793538502728274,y_randomization,lightgbm,42,765,-0.13597209098202168,3.613817633112982,2.994746427133739
1.47,5.730915229066066,y_randomization,lightgbm,42,765,-0.13597209098202168,3.613817633112982,2.994746427133739
1.51,6.754609558234704,y_randomization,lightgbm,42,765,-0.13597209098202168,3.613817633112982,2.994746427133739
1.56,6.656720485260652,y_randomization,lightgbm,42,765,-0.13597209098202168,3.613817633112982,2.994746427133739
1.6,7.32414169958073,y_randomization,lightgbm,42,765,-0.13597209098202168,3.613817633112982,2.994746427133739
1.67,9.376653836976551,y_randomization,lightgbm,42,765,-0.13597209098202168,3.613817633112982,2.994746427133739
1.7,8.648846449529309,y_randomization,lightgbm,42,765,-0.13597209098202168,3.613817633112982,2.994746427133739
1.72,5.848671664590352,y_randomization,lightgbm,42,765,-0.13597209098202168,3.613817633112982,2.994746427133739
1.79,6.000820655190911,y_randomization,lightgbm,42,765,-0.13597209098202168,3.613817633112982,2.994746427133739
1.84,5.755194853055052,y_randomization,lightgbm,42,765,-0.13597209098202168,3.613817633112982,2.994746427133739
1.89,5.800769129631263,y_randomization,lightgbm,42,765,-0.13597209098202168,3.613817633112982,2.994746427133739
1.9,6.68941487589937,y_randomization,lightgbm,42,765,-0.13597209098202168,3.613817633112982,2.994746427133739
1.9,6.445263722114723,y_randomization,lightgbm,42,765,-0.13597209098202168,3.613817633112982,2.994746427133739
1.93,7.41687422944044,y_randomization,lightgbm,42,765,-0.13597209098202168,3.613817633112982,2.994746427133739
1.96,6.027272483847386,y_randomization,lightgbm,42,765,-0.13597209098202168,3.613817633112982,2.994746427133739
1.98,7.877204568871,y_randomization,lightgbm,42,765,-0.13597209098202168,3.613817633112982,2.994746427133739
2.0,5.7595401420099925,y_randomization,lightgbm,42,765,-0.13597209098202168,3.613817633112982,2.994746427133739
2.0,7.092277089354915,y_randomization,lightgbm,42,765,-0.13597209098202168,3.613817633112982,2.994746427133739
2.02,3.924009846090267,y_randomization,lightgbm,42,765,-0.13597209098202168,3.613817633112982,2.994746427133739
2.05,7.694578790377539,y_randomization,lightgbm,42,765,-0.13597209098202168,3.613817633112982,2.994746427133739
2.07,7.567647758268873,y_randomization,lightgbm,42,765,-0.13597209098202168,3.613817633112982,2.994746427133739
2.1,6.084842764510591,y_randomization,lightgbm,42,765,-0.13597209098202168,3.613817633112982,2.994746427133739
2.12,6.745806918845431,y_randomization,lightgbm,42,765,-0.13597209098202168,3.613817633112982,2.994746427133739
2.13,3.7583772835368987,y_randomization,lightgbm,42,765,-0.13597209098202168,3.613817633112982,2.994746427133739
2.2,6.916206813903615,y_randomization,lightgbm,42,765,-0.13597209098202168,3.613817633112982,2.994746427133739
2.21,7.693773278728324,y_randomization,lightgbm,42,765,-0.13597209098202168,3.613817633112982,2.994746427133739
2.22,8.886854900834404,y_randomization,lightgbm,42,765,-0.13597209098202168,3.613817633112982,2.994746427133739
2.23,6.091206348532742,y_randomization,lightgbm,42,765,-0.13597209098202168,3.613817633112982,2.994746427133739
2.24,5.763801253123849,y_randomization,lightgbm,42,765,-0.13597209098202168,3.613817633112982,2.994746427133739
2.25,7.840721740639957,y_randomization,lightgbm,42,765,-0.13597209098202168,3.613817633112982,2.994746427133739
2.27,7.966031612658315,y_randomization,lightgbm,42,765,-0.13597209098202168,3.613817633112982,2.994746427133739
2.27,6.992920530028297,y_randomization,lightgbm,42,765,-0.13597209098202168,3.613817633112982,2.994746427133739
2.29,9.352052023697222,y_randomization,lightgbm,42,765,-0.13597209098202168,3.613817633112982,2.994746427133739
2.3,6.658169142887584,y_randomization,lightgbm,42,765,-0.13597209098202168,3.613817633112982,2.994746427133739
2.31,4.652334347475892,y_randomization,lightgbm,42,765,-0.13597209098202168,3.613817633112982,2.994746427133739
2.33,7.225254134079112,y_randomization,lightgbm,42,765,-0.13597209098202168,3.613817633112982,2.994746427133739
2.35,6.801725063444932,y_randomization,lightgbm,42,765,-0.13597209098202168,3.613817633112982,2.994746427133739
2.35,8.79384548577589,y_randomization,lightgbm,42,765,-0.13597209098202168,3.613817633112982,2.994746427133739
2.37,5.568726806901814,y_randomization,lightgbm,42,765,-0.13597209098202168,3.613817633112982,2.994746427133739
2.39,4.905543279150746,y_randomization,lightgbm,42,765,-0.13597209098202168,3.613817633112982,2.994746427133739
2.4,6.769283643121443,y_randomization,lightgbm,42,765,-0.13597209098202168,3.613817633112982,2.994746427133739
2.4,4.760911278299708,y_randomization,lightgbm,42,765,-0.13597209098202168,3.613817633112982,2.994746427133739
2.44,6.861190944456742,y_randomization,lightgbm,42,765,-0.13597209098202168,3.613817633112982,2.994746427133739
2.5,6.59772415671229,y_randomization,lightgbm,42,765,-0.13597209098202168,3.613817633112982,2.994746427133739
2.5,6.5723044729173425,y_randomization,lightgbm,42,765,-0.13597209098202168,3.613817633112982,2.994746427133739
2.54,6.854974430912751,y_randomization,lightgbm,42,765,-0.13597209098202168,3.613817633112982,2.994746427133739
2.55,6.10430700529805,y_randomization,lightgbm,42,765,-0.13597209098202168,3.613817633112982,2.994746427133739
2.58,8.935053382546025,y_randomization,lightgbm,42,765,-0.13597209098202168,3.613817633112982,2.994746427133739
2.6,7.398809384245027,y_randomization,lightgbm,42,765,-0.13597209098202168,3.613817633112982,2.994746427133739
2.61,8.683619617278854,y_randomization,lightgbm,42,765,-0.13597209098202168,3.613817633112982,2.994746427133739
2.63,7.222010847404915,y_randomization,lightgbm,42,765,-0.13597209098202168,3.613817633112982,2.994746427133739
2.66,8.32735975645435,y_randomization,lightgbm,42,765,-0.13597209098202168,3.613817633112982,2.994746427133739
2.67,9.114369250444561,y_randomization,lightgbm,42,765,-0.13597209098202168,3.613817633112982,2.994746427133739
2.68,5.749928306921766,y_randomization,lightgbm,42,765,-0.13597209098202168,3.613817633112982,2.994746427133739
2.7,6.820221260713318,y_randomization,lightgbm,42,765,-0.13597209098202168,3.613817633112982,2.994746427133739
2.71,10.25579158951202,y_randomization,lightgbm,42,765,-0.13597209098202168,3.613817633112982,2.994746427133739
2.73,7.057620446332022,y_randomization,lightgbm,42,765,-0.13597209098202168,3.613817633112982,2.994746427133739
2.75,8.676930684502967,y_randomization,lightgbm,42,765,-0.13597209098202168,3.613817633112982,2.994746427133739
2.76,6.408274814735606,y_randomization,lightgbm,42,765,-0.13597209098202168,3.613817633112982,2.994746427133739
2.78,7.173262534215069,y_randomization,lightgbm,42,765,-0.13597209098202168,3.613817633112982,2.994746427133739
2.8,7.646245039882952,y_randomization,lightgbm,42,765,-0.13597209098202168,3.613817633112982,2.994746427133739
2.82,5.849088287321194,y_randomization,lightgbm,42,765,-0.13597209098202168,3.613817633112982,2.994746427133739
2.84,5.953507866979107,y_randomization,lightgbm,42,765,-0.13597209098202168,3.613817633112982,2.994746427133739
2.84,5.879362359499256,y_randomization,lightgbm,42,765,-0.13597209098202168,3.613817633112982,2.994746427133739
2.85,7.120272523828305,y_randomization,lightgbm,42,765,-0.13597209098202168,3.613817633112982,2.994746427133739
2.85,6.823798680670253,y_randomization,lightgbm,42,765,-0.13597209098202168,3.613817633112982,2.994746427133739
2.87,4.602571140707879,y_randomization,lightgbm,42,765,-0.13597209098202168,3.613817633112982,2.994746427133739
2.88,8.076015883033925,y_randomization,lightgbm,42,765,-0.13597209098202168,3.613817633112982,2.994746427133739
2.9,5.650075730289726,y_randomization,lightgbm,42,765,-0.13597209098202168,3.613817633112982,2.994746427133739
2.91,7.187672630074049,y_randomization,lightgbm,42,765,-0.13597209098202168,3.613817633112982,2.994746427133739
2.92,6.77393978839528,y_randomization,lightgbm,42,765,-0.13597209098202168,3.613817633112982,2.994746427133739
2.94,7.661463054688667,y_randomization,lightgbm,42,765,-0.13597209098202168,3.613817633112982,2.994746427133739
2.95,6.67860432939749,y_randomization,lightgbm,42,765,-0.13597209098202168,3.613817633112982,2.994746427133739
2.95,7.382256327397486,y_randomization,lightgbm,42,765,-0.13597209098202168,3.613817633112982,2.994746427133739
2.96,4.970860303728155,y_randomization,lightgbm,42,765,-0.13597209098202168,3.613817633112982,2.994746427133739
2.97,5.891120044771323,y_randomization,lightgbm,42,765,-0.13597209098202168,3.613817633112982,2.994746427133739
2.98,6.974569283681873,y_randomization,lightgbm,42,765,-0.13597209098202168,3.613817633112982,2.994746427133739
3.0,6.299908982176197,y_randomization,lightgbm,42,765,-0.13597209098202168,3.613817633112982,2.994746427133739
3.0,6.854716154313865,y_randomization,lightgbm,42,765,-0.13597209098202168,3.613817633112982,2.994746427133739
3.0,7.297194476942701,y_randomization,lightgbm,42,765,-0.13597209098202168,3.613817633112982,2.994746427133739
3.0,8.213392907779406,y_randomization,lightgbm,42,765,-0.13597209098202168,3.613817633112982,2.994746427133739
3.03,5.046482155114137,y_randomization,lightgbm,42,765,-0.13597209098202168,3.613817633112982,2.994746427133739
3.04,6.350976074181573,y_randomization,lightgbm,42,765,-0.13597209098202168,3.613817633112982,2.994746427133739
3.06,4.955262379175578,y_randomization,lightgbm,42,765,-0.13597209098202168,3.613817633112982,2.994746427133739
3.07,4.501937414743271,y_randomization,lightgbm,42,765,-0.13597209098202168,3.613817633112982,2.994746427133739
3.09,7.7115270483796,y_randomization,lightgbm,42,765,-0.13597209098202168,3.613817633112982,2.994746427133739
3.09,6.250648482341264,y_randomization,lightgbm,42,765,-0.13597209098202168,3.613817633112982,2.994746427133739
3.1,6.439000058096323,y_randomization,lightgbm,42,765,-0.13597209098202168,3.613817633112982,2.994746427133739
3.1,6.859233611899679,y_randomization,lightgbm,42,765,-0.13597209098202168,3.613817633112982,2.994746427133739
3.1,7.363634281094763,y_randomization,lightgbm,42,765,-0.13597209098202168,3.613817633112982,2.994746427133739
3.11,7.838361834662605,y_randomization,lightgbm,42,765,-0.13597209098202168,3.613817633112982,2.994746427133739
3.13,6.195607375954705,y_randomization,lightgbm,42,765,-0.13597209098202168,3.613817633112982,2.994746427133739
3.15,4.822280707108351,y_randomization,lightgbm,42,765,-0.13597209098202168,3.613817633112982,2.994746427133739
3.16,6.921515186973268,y_randomization,lightgbm,42,765,-0.13597209098202168,3.613817633112982,2.994746427133739
3.17,6.181770009285603,y_randomization,lightgbm,42,765,-0.13597209098202168,3.613817633112982,2.994746427133739
3.18,6.2508938361854325,y_randomization,lightgbm,42,765,-0.13597209098202168,3.613817633112982,2.994746427133739
3.19,6.894746861545734,y_randomization,lightgbm,42,765,-0.13597209098202168,3.613817633112982,2.994746427133739
3.2,4.879025053726915,y_randomization,lightgbm,42,765,-0.13597209098202168,3.613817633112982,2.994746427133739
3.2,8.157603574455251,y_randomization,lightgbm,42,765,-0.13597209098202168,3.613817633112982,2.994746427133739
3.21,6.469714054703959,y_randomization,lightgbm,42,765,-0.13597209098202168,3.613817633112982,2.994746427133739
3.22,5.3862775738581,y_randomization,lightgbm,42,765,-0.13597209098202168,3.613817633112982,2.994746427133739
3.23,5.594489010012063,y_randomization,lightgbm,42,765,-0.13597209098202168,3.613817633112982,2.994746427133739
3.24,9.04586282055033,y_randomization,lightgbm,42,765,-0.13597209098202168,3.613817633112982,2.994746427133739
3.25,7.19785924449036,y_randomization,lightgbm,42,765,-0.13597209098202168,3.613817633112982,2.994746427133739
3.25,6.192052647401417,y_randomization,lightgbm,42,765,-0.13597209098202168,3.613817633112982,2.994746427133739
3.27,5.84654908369321,y_randomization,lightgbm,42,765,-0.13597209098202168,3.613817633112982,2.994746427133739
3.28,7.356229090969218,y_randomization,lightgbm,42,765,-0.13597209098202168,3.613817633112982,2.994746427133739
3.3,7.367959422442115,y_randomization,lightgbm,42,765,-0.13597209098202168,3.613817633112982,2.994746427133739
3.3,7.913525190549124,y_randomization,lightgbm,42,765,-0.13597209098202168,3.613817633112982,2.994746427133739
3.31,8.633431221933192,y_randomization,lightgbm,42,765,-0.13597209098202168,3.613817633112982,2.994746427133739
3.33,7.366175956453668,y_randomization,lightgbm,42,765,-0.13597209098202168,3.613817633112982,2.994746427133739
3.34,6.041283801021733,y_randomization,lightgbm,42,765,-0.13597209098202168,3.613817633112982,2.994746427133739
3.37,5.491941551203084,y_randomization,lightgbm,42,765,-0.13597209098202168,3.613817633112982,2.994746427133739
3.38,4.949574399410668,y_randomization,lightgbm,42,765,-0.13597209098202168,3.613817633112982,2.994746427133739
3.38,7.713850605319254,y_randomization,lightgbm,42,765,-0.13597209098202168,3.613817633112982,2.994746427133739
3.4,6.631943220106754,y_randomization,lightgbm,42,765,-0.13597209098202168,3.613817633112982,2.994746427133739
3.4,6.994980889812398,y_randomization,lightgbm,42,765,-0.13597209098202168,3.613817633112982,2.994746427133739
3.41,7.900780444628506,y_randomization,lightgbm,42,765,-0.13597209098202168,3.613817633112982,2.994746427133739
3.41,6.478454548454348,y_randomization,lightgbm,42,765,-0.13597209098202168,3.613817633112982,2.994746427133739
3.425,8.73828001377727,y_randomization,lightgbm,42,765,-0.13597209098202168,3.613817633112982,2.994746427133739
3.43,8.277856371307472,y_randomization,lightgbm,42,765,-0.13597209098202168,3.613817633112982,2.994746427133739
3.44,6.0339227496125645,y_randomization,lightgbm,42,765,-0.13597209098202168,3.613817633112982,2.994746427133739
3.44,5.520112821878274,y_randomization,lightgbm,42,765,-0.13597209098202168,3.613817633112982,2.994746427133739
3.45,5.952817925368712,y_randomization,lightgbm,42,765,-0.13597209098202168,3.613817633112982,2.994746427133739
3.46,8.130382260699706,y_randomization,lightgbm,42,765,-0.13597209098202168,3.613817633112982,2.994746427133739
3.47,5.477449757148383,y_randomization,lightgbm,42,765,-0.13597209098202168,3.613817633112982,2.994746427133739
3.48,8.73708335651608,y_randomization,lightgbm,42,765,-0.13597209098202168,3.613817633112982,2.994746427133739
3.5,5.52339758960921,y_randomization,lightgbm,42,765,-0.13597209098202168,3.613817633112982,2.994746427133739
3.5,7.559066273273169,y_randomization,lightgbm,42,765,-0.13597209098202168,3.613817633112982,2.994746427133739
3.5,7.463326476428592,y_randomization,lightgbm,42,765,-0.13597209098202168,3.613817633112982,2.994746427133739
3.52,8.623477707862989,y_randomization,lightgbm,42,765,-0.13597209098202168,3.613817633112982,2.994746427133739
3.53,6.193891316280441,y_randomization,lightgbm,42,765,-0.13597209098202168,3.613817633112982,2.994746427133739
3.53,8.07040626848967,y_randomization,lightgbm,42,765,-0.13597209098202168,3.613817633112982,2.994746427133739
3.54,5.565419481423191,y_randomization,lightgbm,42,765,-0.13597209098202168,3.613817633112982,2.994746427133739
3.55,8.49132167200254,y_randomization,lightgbm,42,765,-0.13597209098202168,3.613817633112982,2.994746427133739
3.57,6.684957846767108,y_randomization,lightgbm,42,765,-0.13597209098202168,3.613817633112982,2.994746427133739
3.57,5.563385317907995,y_randomization,lightgbm,42,765,-0.13597209098202168,3.613817633112982,2.994746427133739
3.59,3.395360558767293,y_randomization,lightgbm,42,765,-0.13597209098202168,3.613817633112982,2.994746427133739
3.59,8.296335441036913,y_randomization,lightgbm,42,765,-0.13597209098202168,3.613817633112982,2.994746427133739
3.6,5.502433152839865,y_randomization,lightgbm,42,765,-0.13597209098202168,3.613817633112982,2.994746427133739
3.6,5.758055610003494,y_randomization,lightgbm,42,765,-0.13597209098202168,3.613817633112982,2.994746427133739
3.61,6.802720182979452,y_randomization,lightgbm,42,765,-0.13597209098202168,3.613817633112982,2.994746427133739
3.62,5.91431518959269,y_randomization,lightgbm,42,765,-0.13597209098202168,3.613817633112982,2.994746427133739
3.63,7.308524885952694,y_randomization,lightgbm,42,765,-0.13597209098202168,3.613817633112982,2.994746427133739
3.64,6.880476589874959,y_randomization,lightgbm,42,765,-0.13597209098202168,3.613817633112982,2.994746427133739
3.65,6.160359660749952,y_randomization,lightgbm,42,765,-0.13597209098202168,3.613817633112982,2.994746427133739
3.67,5.098318576707913,y_randomization,lightgbm,42,765,-0.13597209098202168,3.613817633112982,2.994746427133739
3.69,6.086577325168695,y_randomization,lightgbm,42,765,-0.13597209098202168,3.613817633112982,2.994746427133739
3.7,5.119527135773526,y_randomization,lightgbm,42,765,-0.13597209098202168,3.613817633112982,2.994746427133739
3.7,7.972258798761467,y_randomization,lightgbm,42,765,-0.13597209098202168,3.613817633112982,2.994746427133739
3.7,6.077103429246402,y_randomization,lightgbm,42,765,-0.13597209098202168,3.613817633112982,2.994746427133739
3.72,6.799320093206967,y_randomization,lightgbm,42,765,-0.13597209098202168,3.613817633112982,2.994746427133739
3.73,7.0517246825495725,y_randomization,lightgbm,42,765,-0.13597209098202168,3.613817633112982,2.994746427133739
3.73,6.238024860760837,y_randomization,lightgbm,42,765,-0.13597209098202168,3.613817633112982,2.994746427133739
3.76,6.502789172362374,y_randomization,lightgbm,42,765,-0.13597209098202168,3.613817633112982,2.994746427133739
3.76,4.852338219147324,y_randomization,lightgbm,42,765,-0.13597209098202168,3.613817633112982,2.994746427133739
3.77,10.181896326635364,y_randomization,lightgbm,42,765,-0.13597209098202168,3.613817633112982,2.994746427133739
3.79,6.091195636309598,y_randomization,lightgbm,42,765,-0.13597209098202168,3.613817633112982,2.994746427133739
3.8,6.559289191775541,y_randomization,lightgbm,42,765,-0.13597209098202168,3.613817633112982,2.994746427133739
3.8,6.025714858117004,y_randomization,lightgbm,42,765,-0.13597209098202168,3.613817633112982,2.994746427133739
3.8,6.262737014254092,y_randomization,lightgbm,42,765,-0.13597209098202168,3.613817633112982,2.994746427133739
3.82,9.521880048601176,y_randomization,lightgbm,42,765,-0.13597209098202168,3.613817633112982,2.994746427133739
3.83,9.058887066923054,y_randomization,lightgbm,42,765,-0.13597209098202168,3.613817633112982,2.994746427133739
3.84,5.831947624805024,y_randomization,lightgbm,42,765,-0.13597209098202168,3.613817633112982,2.994746427133739
3.84,5.300886539297257,y_randomization,lightgbm,42,765,-0.13597209098202168,3.613817633112982,2.994746427133739
3.85,5.336883572648192,y_randomization,lightgbm,42,765,-0.13597209098202168,3.613817633112982,2.994746427133739
3.86,8.36583930975093,y_randomization,lightgbm,42,765,-0.13597209098202168,3.613817633112982,2.994746427133739
3.88,5.893516941054628,y_randomization,lightgbm,42,765,-0.13597209098202168,3.613817633112982,2.994746427133739
3.89,6.992885977612596,y_randomization,lightgbm,42,765,-0.13597209098202168,3.613817633112982,2.994746427133739
3.9,3.9429225560357057,y_randomization,lightgbm,42,765,-0.13597209098202168,3.613817633112982,2.994746427133739
3.9,4.863040767398079,y_randomization,lightgbm,42,765,-0.13597209098202168,3.613817633112982,2.994746427133739
3.92,6.373393242514165,y_randomization,lightgbm,42,765,-0.13597209098202168,3.613817633112982,2.994746427133739
3.93,4.3091326332641975,y_randomization,lightgbm,42,765,-0.13597209098202168,3.613817633112982,2.994746427133739
3.94,5.939718949728706,y_randomization,lightgbm,42,765,-0.13597209098202168,3.613817633112982,2.994746427133739
3.95,8.44390922180165,y_randomization,lightgbm,42,765,-0.13597209098202168,3.613817633112982,2.994746427133739
3.96,8.705054053913852,y_randomization,lightgbm,42,765,-0.13597209098202168,3.613817633112982,2.994746427133739
3.97,6.296299294011267,y_randomization,lightgbm,42,765,-0.13597209098202168,3.613817633112982,2.994746427133739
3.98,6.209397239467196,y_randomization,lightgbm,42,765,-0.13597209098202168,3.613817633112982,2.994746427133739
3.99,8.352312469847025,y_randomization,lightgbm,42,765,-0.13597209098202168,3.613817633112982,2.994746427133739
4.0,7.7115118431914915,y_randomization,lightgbm,42,765,-0.13597209098202168,3.613817633112982,2.994746427133739
4.01,4.919741127038202,y_randomization,lightgbm,42,765,-0.13597209098202168,3.613817633112982,2.994746427133739
4.02,5.661566899474175,y_randomization,lightgbm,42,765,-0.13597209098202168,3.613817633112982,2.994746427133739
4.03,7.181527548327665,y_randomization,lightgbm,42,765,-0.13597209098202168,3.613817633112982,2.994746427133739
4.04,5.526844719443651,y_randomization,lightgbm,42,765,-0.13597209098202168,3.613817633112982,2.994746427133739
4.05,6.86291012410391,y_randomization,lightgbm,42,765,-0.13597209098202168,3.613817633112982,2.994746427133739
4.06,5.235598054897213,y_randomization,lightgbm,42,765,-0.13597209098202168,3.613817633112982,2.994746427133739
4.07,8.183936846114005,y_randomization,lightgbm,42,765,-0.13597209098202168,3.613817633112982,2.994746427133739
4.08,7.993960806620816,y_randomization,lightgbm,42,765,-0.13597209098202168,3.613817633112982,2.994746427133739
4.09,5.832340400309989,y_randomization,lightgbm,42,765,-0.13597209098202168,3.613817633112982,2.994746427133739
4.1,4.709043789231367,y_randomization,lightgbm,42,765,-0.13597209098202168,3.613817633112982,2.994746427133739
4.12,5.89709305420556,y_randomization,lightgbm,42,765,-0.13597209098202168,3.613817633112982,2.994746427133739
4.13,4.0989413344078445,y_randomization,lightgbm,42,765,-0.13597209098202168,3.613817633112982,2.994746427133739
4.140000000000001,6.046574885433813,y_randomization,lightgbm,42,765,-0.13597209098202168,3.613817633112982,2.994746427133739
4.15,2.9784420308756894,y_randomization,lightgbm,42,765,-0.13597209098202168,3.613817633112982,2.994746427133739
4.16,7.434091841154066,y_randomization,lightgbm,42,765,-0.13597209098202168,3.613817633112982,2.994746427133739
4.165,5.409054867482624,y_randomization,lightgbm,42,765,-0.13597209098202168,3.613817633112982,2.994746427133739
4.18,7.2608458985547255,y_randomization,lightgbm,42,765,-0.13597209098202168,3.613817633112982,2.994746427133739
4.18,6.842539771716892,y_randomization,lightgbm,42,765,-0.13597209098202168,3.613817633112982,2.994746427133739
4.18,7.220704447422606,y_randomization,lightgbm,42,765,-0.13597209098202168,3.613817633112982,2.994746427133739
4.19,5.272291844234736,y_randomization,lightgbm,42,765,-0.13597209098202168,3.613817633112982,2.994746427133739
4.2,6.883028712746491,y_randomization,lightgbm,42,765,-0.13597209098202168,3.613817633112982,2.994746427133739
4.2,7.600860314198223,y_randomization,lightgbm,42,765,-0.13597209098202168,3.613817633112982,2.994746427133739
4.2,6.483509775687971,y_randomization,lightgbm,42,765,-0.13597209098202168,3.613817633112982,2.994746427133739
4.21,7.101439449095357,y_randomization,lightgbm,42,765,-0.13597209098202168,3.613817633112982,2.994746427133739
4.22,6.993233513923815,y_randomization,lightgbm,42,765,-0.13597209098202168,3.613817633112982,2.994746427133739
4.23,7.826612865500395,y_randomization,lightgbm,42,765,-0.13597209098202168,3.613817633112982,2.994746427133739
4.24,6.284943770783823,y_randomization,lightgbm,42,765,-0.13597209098202168,3.613817633112982,2.994746427133739
4.24,5.211668580281354,y_randomization,lightgbm,42,765,-0.13597209098202168,3.613817633112982,2.994746427133739
4.24,6.534497111536055,y_randomization,lightgbm,42,765,-0.13597209098202168,3.613817633112982,2.994746427133739
4.25,5.5704769610438785,y_randomization,lightgbm,42,765,-0.13597209098202168,3.613817633112982,2.994746427133739
4.26,8.254523624158598,y_randomization,lightgbm,42,765,-0.13597209098202168,3.613817633112982,2.994746427133739
4.27,4.484846656916004,y_randomization,lightgbm,42,765,-0.13597209098202168,3.613817633112982,2.994746427133739
4.28,6.954872793656196,y_randomization,lightgbm,42,765,-0.13597209098202168,3.613817633112982,2.994746427133739
4.29,7.693287696612654,y_randomization,lightgbm,42,765,-0.13597209098202168,3.613817633112982,2.994746427133739
4.3,8.880159157631313,y_randomization,lightgbm,42,765,-0.13597209098202168,3.613817633112982,2.994746427133739
4.3,5.900563403603555,y_randomization,lightgbm,42,765,-0.13597209098202168,3.613817633112982,2.994746427133739
4.31,5.837178852353871,y_randomization,lightgbm,42,765,-0.13597209098202168,3.613817633112982,2.994746427133739
4.32,7.322261050460645,y_randomization,lightgbm,42,765,-0.13597209098202168,3.613817633112982,2.994746427133739
4.34,7.235627890974507,y_randomization,lightgbm,42,765,-0.13597209098202168,3.613817633112982,2.994746427133739
4.35,7.340842399771184,y_randomization,lightgbm,42,765,-0.13597209098202168,3.613817633112982,2.994746427133739
4.359999999999999,6.019531796856457,y_randomization,lightgbm,42,765,-0.13597209098202168,3.613817633112982,2.994746427133739
4.36,8.151359270827344,y_randomization,lightgbm,42,765,-0.13597209098202168,3.613817633112982,2.994746427133739
4.37,9.88067347997125,y_randomization,lightgbm,42,765,-0.13597209098202168,3.613817633112982,2.994746427133739
4.38,6.467235551772902,y_randomization,lightgbm,42,765,-0.13597209098202168,3.613817633112982,2.994746427133739
4.39,5.9819017139182025,y_randomization,lightgbm,42,765,-0.13597209098202168,3.613817633112982,2.994746427133739
4.4,6.611257730438211,y_randomization,lightgbm,42,765,-0.13597209098202168,3.613817633112982,2.994746427133739
4.4,8.584008428666552,y_randomization,lightgbm,42,765,-0.13597209098202168,3.613817633112982,2.994746427133739
4.4,5.270381393301739,y_randomization,lightgbm,42,765,-0.13597209098202168,3.613817633112982,2.994746427133739
4.42,5.912674364737608,y_randomization,lightgbm,42,765,-0.13597209098202168,3.613817633112982,2.994746427133739
4.44,7.487218649748807,y_randomization,lightgbm,42,765,-0.13597209098202168,3.613817633112982,2.994746427133739
4.45,6.456088327093872,y_randomization,lightgbm,42,765,-0.13597209098202168,3.613817633112982,2.994746427133739
4.45,5.452535519314939,y_randomization,lightgbm,42,765,-0.13597209098202168,3.613817633112982,2.994746427133739
4.46,6.818437419024348,y_randomization,lightgbm,42,765,-0.13597209098202168,3.613817633112982,2.994746427133739
4.48,9.019439745771365,y_randomization,lightgbm,42,765,-0.13597209098202168,3.613817633112982,2.994746427133739
4.49,7.339858213968005,y_randomization,lightgbm,42,765,-0.13597209098202168,3.613817633112982,2.994746427133739
4.5,7.862753440120412,y_randomization,lightgbm,42,765,-0.13597209098202168,3.613817633112982,2.994746427133739
4.51,9.656027086317161,y_randomization,lightgbm,42,765,-0.13597209098202168,3.613817633112982,2.994746427133739
4.515,5.959029104127014,y_randomization,lightgbm,42,765,-0.13597209098202168,3.613817633112982,2.994746427133739
4.52,8.007820907887979,y_randomization,lightgbm,42,765,-0.13597209098202168,3.613817633112982,2.994746427133739
4.54,7.154059592518072,y_randomization,lightgbm,42,765,-0.13597209098202168,3.613817633112982,2.994746427133739
4.54,7.924923120624434,y_randomization,lightgbm,42,765,-0.13597209098202168,3.613817633112982,2.994746427133739
4.55,10.112835257850081,y_randomization,lightgbm,42,765,-0.13597209098202168,3.613817633112982,2.994746427133739
4.57,5.812397418938588,y_randomization,lightgbm,42,765,-0.13597209098202168,3.613817633112982,2.994746427133739
4.57,4.3640757237670815,y_randomization,lightgbm,42,765,-0.13597209098202168,3.613817633112982,2.994746427133739
4.58,5.728307468317132,y_randomization,lightgbm,42,765,-0.13597209098202168,3.613817633112982,2.994746427133739
4.59,5.173685477368873,y_randomization,lightgbm,42,765,-0.13597209098202168,3.613817633112982,2.994746427133739
4.6,6.971002039406795,y_randomization,lightgbm,42,765,-0.13597209098202168,3.613817633112982,2.994746427133739
4.6,6.018093084986531,y_randomization,lightgbm,42,765,-0.13597209098202168,3.613817633112982,2.994746427133739
4.6,9.748672561310311,y_randomization,lightgbm,42,765,-0.13597209098202168,3.613817633112982,2.994746427133739
4.62,5.841415445788385,y_randomization,lightgbm,42,765,-0.13597209098202168,3.613817633112982,2.994746427133739
4.63,8.598929586009922,y_randomization,lightgbm,42,765,-0.13597209098202168,3.613817633112982,2.994746427133739
4.64,9.665146542650577,y_randomization,lightgbm,42,765,-0.13597209098202168,3.613817633112982,2.994746427133739
4.65,3.5878307631081188,y_randomization,lightgbm,42,765,-0.13597209098202168,3.613817633112982,2.994746427133739
4.66,6.825735461065258,y_randomization,lightgbm,42,765,-0.13597209098202168,3.613817633112982,2.994746427133739
4.67,5.914499929036084,y_randomization,lightgbm,42,765,-0.13597209098202168,3.613817633112982,2.994746427133739
4.68,6.081730452201228,y_randomization,lightgbm,42,765,-0.13597209098202168,3.613817633112982,2.994746427133739
4.69,6.132328519431858,y_randomization,lightgbm,42,765,-0.13597209098202168,3.613817633112982,2.994746427133739
4.7,5.0566332926957696,y_randomization,lightgbm,42,765,-0.13597209098202168,3.613817633112982,2.994746427133739
4.72,4.183894948300007,y_randomization,lightgbm,42,765,-0.13597209098202168,3.613817633112982,2.994746427133739
4.74,6.58966491775334,y_randomization,lightgbm,42,765,-0.13597209098202168,3.613817633112982,2.994746427133739
4.75,7.594193927861986,y_randomization,lightgbm,42,765,-0.13597209098202168,3.613817633112982,2.994746427133739
4.76,6.727632864965046,y_randomization,lightgbm,42,765,-0.13597209098202168,3.613817633112982,2.994746427133739
4.78,6.448871683548411,y_randomization,lightgbm,42,765,-0.13597209098202168,3.613817633112982,2.994746427133739
4.79,6.036487082679486,y_randomization,lightgbm,42,765,-0.13597209098202168,3.613817633112982,2.994746427133739
4.8,4.3711251116045595,y_randomization,lightgbm,42,765,-0.13597209098202168,3.613817633112982,2.994746427133739
4.8,7.16880075183751,y_randomization,lightgbm,42,765,-0.13597209098202168,3.613817633112982,2.994746427133739
4.82,6.756524731507024,y_randomization,lightgbm,42,765,-0.13597209098202168,3.613817633112982,2.994746427133739
4.83,5.498599676542377,y_randomization,lightgbm,42,765,-0.13597209098202168,3.613817633112982,2.994746427133739
4.84,6.414894726607652,y_randomization,lightgbm,42,765,-0.13597209098202168,3.613817633112982,2.994746427133739
4.84,5.285995971604709,y_randomization,lightgbm,42,765,-0.13597209098202168,3.613817633112982,2.994746427133739
4.85,9.974779824457958,y_randomization,lightgbm,42,765,-0.13597209098202168,3.613817633112982,2.994746427133739
4.86,9.316810512081329,y_randomization,lightgbm,42,765,-0.13597209098202168,3.613817633112982,2.994746427133739
4.88,6.855353459883544,y_randomization,lightgbm,42,765,-0.13597209098202168,3.613817633112982,2.994746427133739
4.89,5.930618090685127,y_randomization,lightgbm,42,765,-0.13597209098202168,3.613817633112982,2.994746427133739
4.89,6.937918528536716,y_randomization,lightgbm,42,765,-0.13597209098202168,3.613817633112982,2.994746427133739
4.9,7.7256563749016305,y_randomization,lightgbm,42,765,-0.13597209098202168,3.613817633112982,2.994746427133739
4.9,5.028854721223084,y_randomization,lightgbm,42,765,-0.13597209098202168,3.613817633112982,2.994746427133739
4.93,6.659010210916653,y_randomization,lightgbm,42,765,-0.13597209098202168,3.613817633112982,2.994746427133739
4.95,7.8111536477865675,y_randomization,lightgbm,42,765,-0.13597209098202168,3.613817633112982,2.994746427133739
4.96,6.8388334281425,y_randomization,lightgbm,42,765,-0.13597209098202168,3.613817633112982,2.994746427133739
4.97,6.376402787387146,y_randomization,lightgbm,42,765,-0.13597209098202168,3.613817633112982,2.994746427133739
4.98,7.30310407535155,y_randomization,lightgbm,42,765,-0.13597209098202168,3.613817633112982,2.994746427133739
5.0,6.46022498796007,y_randomization,lightgbm,42,765,-0.13597209098202168,3.613817633112982,2.994746427133739
5.0,3.63626834562968,y_randomization,lightgbm,42,765,-0.13597209098202168,3.613817633112982,2.994746427133739
5.01,5.900284006421024,y_randomization,lightgbm,42,765,-0.13597209098202168,3.613817633112982,2.994746427133739
5.01,6.2041372667946595,y_randomization,lightgbm,42,765,-0.13597209098202168,3.613817633112982,2.994746427133739
5.03,7.82093571625692,y_randomization,lightgbm,42,765,-0.13597209098202168,3.613817633112982,2.994746427133739
5.04,5.6609414280436425,y_randomization,lightgbm,42,765,-0.13597209098202168,3.613817633112982,2.994746427133739
5.05,5.9429764171539645,y_randomization,lightgbm,42,765,-0.13597209098202168,3.613817633112982,2.994746427133739
5.06,5.919820341788075,y_randomization,lightgbm,42,765,-0.13597209098202168,3.613817633112982,2.994746427133739
5.1,8.000984367882952,y_randomization,lightgbm,42,765,-0.13597209098202168,3.613817633112982,2.994746427133739
5.12,5.879814098149722,y_randomization,lightgbm,42,765,-0.13597209098202168,3.613817633112982,2.994746427133739
5.13,6.910340535004708,y_randomization,lightgbm,42,765,-0.13597209098202168,3.613817633112982,2.994746427133739
5.15,7.233001442371222,y_randomization,lightgbm,42,765,-0.13597209098202168,3.613817633112982,2.994746427133739
5.15,7.1141876679079585,y_randomization,lightgbm,42,765,-0.13597209098202168,3.613817633112982,2.994746427133739
5.19,7.240716292012193,y_randomization,lightgbm,42,765,-0.13597209098202168,3.613817633112982,2.994746427133739
5.2,5.885564842815789,y_randomization,lightgbm,42,765,-0.13597209098202168,3.613817633112982,2.994746427133739
5.21,9.19828010194709,y_randomization,lightgbm,42,765,-0.13597209098202168,3.613817633112982,2.994746427133739
5.28,7.365425287809542,y_randomization,lightgbm,42,765,-0.13597209098202168,3.613817633112982,2.994746427133739
5.3,5.045365894554601,y_randomization,lightgbm,42,765,-0.13597209098202168,3.613817633112982,2.994746427133739
5.32,6.547730689070608,y_randomization,lightgbm,42,765,-0.13597209098202168,3.613817633112982,2.994746427133739
5.35,7.121096148153359,y_randomization,lightgbm,42,765,-0.13597209098202168,3.613817633112982,2.994746427133739
5.36,9.531938336684595,y_randomization,lightgbm,42,765,-0.13597209098202168,3.613817633112982,2.994746427133739
5.38,6.943169372047506,y_randomization,lightgbm,42,765,-0.13597209098202168,3.613817633112982,2.994746427133739
5.4,4.635344839075548,y_randomization,lightgbm,42,765,-0.13597209098202168,3.613817633112982,2.994746427133739
5.42,6.550068415847634,y_randomization,lightgbm,42,765,-0.13597209098202168,3.613817633112982,2.994746427133739
5.45,4.566130124246225,y_randomization,lightgbm,42,765,-0.13597209098202168,3.613817633112982,2.994746427133739
5.48,4.554981201345562,y_randomization,lightgbm,42,765,-0.13597209098202168,3.613817633112982,2.994746427133739
5.5,7.340204832269128,y_randomization,lightgbm,42,765,-0.13597209098202168,3.613817633112982,2.994746427133739
5.5,3.5606251271695544,y_randomization,lightgbm,42,765,-0.13597209098202168,3.613817633112982,2.994746427133739
5.52,4.380909406729911,y_randomization,lightgbm,42,765,-0.13597209098202168,3.613817633112982,2.994746427133739
5.6,7.671216961445011,y_randomization,lightgbm,42,765,-0.13597209098202168,3.613817633112982,2.994746427133739
5.62,8.193946011983863,y_randomization,lightgbm,42,765,-0.13597209098202168,3.613817633112982,2.994746427133739
5.65,6.189711473161777,y_randomization,lightgbm,42,765,-0.13597209098202168,3.613817633112982,2.994746427133739
5.67,6.620533359081897,y_randomization,lightgbm,42,765,-0.13597209098202168,3.613817633112982,2.994746427133739
5.75,6.0465188632687505,y_randomization,lightgbm,42,765,-0.13597209098202168,3.613817633112982,2.994746427133739
5.75,6.768079833569815,y_randomization,lightgbm,42,765,-0.13597209098202168,3.613817633112982,2.994746427133739
5.76,8.429846919084428,y_randomization,lightgbm,42,765,-0.13597209098202168,3.613817633112982,2.994746427133739
5.79,7.5756707312817255,y_randomization,lightgbm,42,765,-0.13597209098202168,3.613817633112982,2.994746427133739
5.8,5.986779024859492,y_randomization,lightgbm,42,765,-0.13597209098202168,3.613817633112982,2.994746427133739
5.8,4.847047770924365,y_randomization,lightgbm,42,765,-0.13597209098202168,3.613817633112982,2.994746427133739
5.81,6.2273058746137515,y_randomization,lightgbm,42,765,-0.13597209098202168,3.613817633112982,2.994746427133739
5.83,6.629102859797461,y_randomization,lightgbm,42,765,-0.13597209098202168,3.613817633112982,2.994746427133739
5.85,7.300337583077736,y_randomization,lightgbm,42,765,-0.13597209098202168,3.613817633112982,2.994746427133739
5.88,6.851780012444331,y_randomization,lightgbm,42,765,-0.13597209098202168,3.613817633112982,2.994746427133739
5.9,5.877777089697991,y_randomization,lightgbm,42,765,-0.13597209098202168,3.613817633112982,2.994746427133739
5.9,6.974527774028135,y_randomization,lightgbm,42,765,-0.13597209098202168,3.613817633112982,2.994746427133739
5.94,6.116582556916365,y_randomization,lightgbm,42,765,-0.13597209098202168,3.613817633112982,2.994746427133739
5.98,5.817393203323884,y_randomization,lightgbm,42,765,-0.13597209098202168,3.613817633112982,2.994746427133739
6.0,6.488843926118153,y_randomization,lightgbm,42,765,-0.13597209098202168,3.613817633112982,2.994746427133739
6.0,8.645484445431817,y_randomization,lightgbm,42,765,-0.13597209098202168,3.613817633112982,2.994746427133739
6.0,8.312803316296206,y_randomization,lightgbm,42,765,-0.13597209098202168,3.613817633112982,2.994746427133739
6.04,5.451208923231663,y_randomization,lightgbm,42,765,-0.13597209098202168,3.613817633112982,2.994746427133739
6.07,9.741545532765487,y_randomization,lightgbm,42,765,-0.13597209098202168,3.613817633112982,2.994746427133739
6.1,6.313491319366122,y_randomization,lightgbm,42,765,-0.13597209098202168,3.613817633112982,2.994746427133739
6.12,5.558844343645352,y_randomization,lightgbm,42,765,-0.13597209098202168,3.613817633112982,2.994746427133739
6.12,6.547087543962076,y_randomization,lightgbm,42,765,-0.13597209098202168,3.613817633112982,2.994746427133739
6.15,6.228878331317638,y_randomization,lightgbm,42,765,-0.13597209098202168,3.613817633112982,2.994746427133739
6.17,9.340756824890322,y_randomization,lightgbm,42,765,-0.13597209098202168,3.613817633112982,2.994746427133739
6.19,6.996574621864875,y_randomization,lightgbm,42,765,-0.13597209098202168,3.613817633112982,2.994746427133739
6.2,9.122052955377171,y_randomization,lightgbm,42,765,-0.13597209098202168,3.613817633112982,2.994746427133739
6.25,6.501899700901102,y_randomization,lightgbm,42,765,-0.13597209098202168,3.613817633112982,2.994746427133739
6.3,6.162121979493537,y_randomization,lightgbm,42,765,-0.13597209098202168,3.613817633112982,2.994746427133739
6.3,6.074356938728968,y_randomization,lightgbm,42,765,-0.13597209098202168,3.613817633112982,2.994746427133739
6.3,6.749341916031007,y_randomization,lightgbm,42,765,-0.13597209098202168,3.613817633112982,2.994746427133739
6.33,6.340181955297932,y_randomization,lightgbm,42,765,-0.13597209098202168,3.613817633112982,2.994746427133739
6.33,5.917458658123118,y_randomization,lightgbm,42,765,-0.13597209098202168,3.613817633112982,2.994746427133739
6.35,6.888149980439328,y_randomization,lightgbm,42,765,-0.13597209098202168,3.613817633112982,2.994746427133739
6.37,5.86829368650031,y_randomization,lightgbm,42,765,-0.13597209098202168,3.613817633112982,2.994746427133739
6.38,4.4413565534999595,y_randomization,lightgbm,42,765,-0.13597209098202168,3.613817633112982,2.994746427133739
6.4,4.373020429850192,y_randomization,lightgbm,42,765,-0.13597209098202168,3.613817633112982,2.994746427133739
6.41,7.738496184891027,y_randomization,lightgbm,42,765,-0.13597209098202168,3.613817633112982,2.994746427133739
6.45,7.560937730470911,y_randomization,lightgbm,42,765,-0.13597209098202168,3.613817633112982,2.994746427133739
6.47,4.471709332060846,y_randomization,lightgbm,42,765,-0.13597209098202168,3.613817633112982,2.994746427133739
6.5,8.564067927307116,y_randomization,lightgbm,42,765,-0.13597209098202168,3.613817633112982,2.994746427133739
6.5,5.375477849368973,y_randomization,lightgbm,42,765,-0.13597209098202168,3.613817633112982,2.994746427133739
6.51,5.042941272016557,y_randomization,lightgbm,42,765,-0.13597209098202168,3.613817633112982,2.994746427133739
6.54,6.716285223314264,y_randomization,lightgbm,42,765,-0.13597209098202168,3.613817633112982,2.994746427133739
6.59,7.780444518808781,y_randomization,lightgbm,42,765,-0.13597209098202168,3.613817633112982,2.994746427133739
6.6,7.933005384763843,y_randomization,lightgbm,42,765,-0.13597209098202168,3.613817633112982,2.994746427133739
6.6,7.63232109616232,y_randomization,lightgbm,42,765,-0.13597209098202168,3.613817633112982,2.994746427133739
6.63,4.169919690244632,y_randomization,lightgbm,42,765,-0.13597209098202168,3.613817633112982,2.994746427133739
6.63,8.370394772420765,y_randomization,lightgbm,42,765,-0.13597209098202168,3.613817633112982,2.994746427133739
6.67,8.079787687602082,y_randomization,lightgbm,42,765,-0.13597209098202168,3.613817633112982,2.994746427133739
6.7,5.235103465936491,y_randomization,lightgbm,42,765,-0.13597209098202168,3.613817633112982,2.994746427133739
6.71,6.959491022812151,y_randomization,lightgbm,42,765,-0.13597209098202168,3.613817633112982,2.994746427133739
6.74,6.784647238933474,y_randomization,lightgbm,42,765,-0.13597209098202168,3.613817633112982,2.994746427133739
6.76,4.340165140987715,y_randomization,lightgbm,42,765,-0.13597209098202168,3.613817633112982,2.994746427133739
6.77,7.237996536843012,y_randomization,lightgbm,42,765,-0.13597209098202168,3.613817633112982,2.994746427133739
6.78,5.057628057720813,y_randomization,lightgbm,42,765,-0.13597209098202168,3.613817633112982,2.994746427133739
6.8,7.113277620123429,y_randomization,lightgbm,42,765,-0.13597209098202168,3.613817633112982,2.994746427133739
6.81,5.860531961469182,y_randomization,lightgbm,42,765,-0.13597209098202168,3.613817633112982,2.994746427133739
6.85,6.444077791066328,y_randomization,lightgbm,42,765,-0.13597209098202168,3.613817633112982,2.994746427133739
6.89,8.239176016568788,y_randomization,lightgbm,42,765,-0.13597209098202168,3.613817633112982,2.994746427133739
6.9,7.029929347474284,y_randomization,lightgbm,42,765,-0.13597209098202168,3.613817633112982,2.994746427133739
6.91,6.938879994958674,y_randomization,lightgbm,42,765,-0.13597209098202168,3.613817633112982,2.994746427133739
6.94,7.8345347647680725,y_randomization,lightgbm,42,765,-0.13597209098202168,3.613817633112982,2.994746427133739
6.95,5.645317286677182,y_randomization,lightgbm,42,765,-0.13597209098202168,3.613817633112982,2.994746427133739
6.97,7.996001240166108,y_randomization,lightgbm,42,765,-0.13597209098202168,3.613817633112982,2.994746427133739
7.0,4.680904702100384,y_randomization,lightgbm,42,765,-0.13597209098202168,3.613817633112982,2.994746427133739
7.01,6.5377201031591365,y_randomization,lightgbm,42,765,-0.13597209098202168,3.613817633112982,2.994746427133739
7.03,4.709723078239123,y_randomization,lightgbm,42,765,-0.13597209098202168,3.613817633112982,2.994746427133739
7.05,6.983005001865183,y_randomization,lightgbm,42,765,-0.13597209098202168,3.613817633112982,2.994746427133739
7.06,7.428944193427529,y_randomization,lightgbm,42,765,-0.13597209098202168,3.613817633112982,2.994746427133739
7.1,6.252706405238374,y_randomization,lightgbm,42,765,-0.13597209098202168,3.613817633112982,2.994746427133739
7.12,8.661179123887628,y_randomization,lightgbm,42,765,-0.13597209098202168,3.613817633112982,2.994746427133739
7.15,6.1976484600091135,y_randomization,lightgbm,42,765,-0.13597209098202168,3.613817633112982,2.994746427133739
7.17,6.386625734907045,y_randomization,lightgbm,42,765,-0.13597209098202168,3.613817633112982,2.994746427133739
7.2,7.131354453870825,y_randomization,lightgbm,42,765,-0.13597209098202168,3.613817633112982,2.994746427133739
7.2,8.012891632370776,y_randomization,lightgbm,42,765,-0.13597209098202168,3.613817633112982,2.994746427133739
7.24,6.830907321251176,y_randomization,lightgbm,42,765,-0.13597209098202168,3.613817633112982,2.994746427133739
7.25,8.545359092864508,y_randomization,lightgbm,42,765,-0.13597209098202168,3.613817633112982,2.994746427133739
7.27,5.739902633737977,y_randomization,lightgbm,42,765,-0.13597209098202168,3.613817633112982,2.994746427133739
7.3,7.777917543650237,y_randomization,lightgbm,42,765,-0.13597209098202168,3.613817633112982,2.994746427133739
7.3,8.049120754835904,y_randomization,lightgbm,42,765,-0.13597209098202168,3.613817633112982,2.994746427133739
7.31,7.106941114257588,y_randomization,lightgbm,42,765,-0.13597209098202168,3.613817633112982,2.994746427133739
7.32,5.620419218753085,y_randomization,lightgbm,42,765,-0.13597209098202168,3.613817633112982,2.994746427133739
7.33,6.416914372956434,y_randomization,lightgbm,42,765,-0.13597209098202168,3.613817633112982,2.994746427133739
7.38,5.367653270921261,y_randomization,lightgbm,42,765,-0.13597209098202168,3.613817633112982,2.994746427133739
7.39,6.343235353653618,y_randomization,lightgbm,42,765,-0.13597209098202168,3.613817633112982,2.994746427133739
7.4,5.8740924167853406,y_randomization,lightgbm,42,765,-0.13597209098202168,3.613817633112982,2.994746427133739
7.4,7.111809238989251,y_randomization,lightgbm,42,765,-0.13597209098202168,3.613817633112982,2.994746427133739
7.4,5.626240610310911,y_randomization,lightgbm,42,765,-0.13597209098202168,3.613817633112982,2.994746427133739
7.44,8.822693078091861,y_randomization,lightgbm,42,765,-0.13597209098202168,3.613817633112982,2.994746427133739
7.46,6.943476777738068,y_randomization,lightgbm,42,765,-0.13597209098202168,3.613817633112982,2.994746427133739
7.49,8.897280557594925,y_randomization,lightgbm,42,765,-0.13597209098202168,3.613817633112982,2.994746427133739
7.5,6.650420165177055,y_randomization,lightgbm,42,765,-0.13597209098202168,3.613817633112982,2.994746427133739
7.5,4.610765538935308,y_randomization,lightgbm,42,765,-0.13597209098202168,3.613817633112982,2.994746427133739
7.52,4.894924015528771,y_randomization,lightgbm,42,765,-0.13597209098202168,3.613817633112982,2.994746427133739
7.53,5.894560428780044,y_randomization,lightgbm,42,765,-0.13597209098202168,3.613817633112982,2.994746427133739
7.56,6.612050725586791,y_randomization,lightgbm,42,765,-0.13597209098202168,3.613817633112982,2.994746427133739
7.58,5.028135360415449,y_randomization,lightgbm,42,765,-0.13597209098202168,3.613817633112982,2.994746427133739
7.6,10.208467573041904,y_randomization,lightgbm,42,765,-0.13597209098202168,3.613817633112982,2.994746427133739
7.6,8.551937880663974,y_randomization,lightgbm,42,765,-0.13597209098202168,3.613817633112982,2.994746427133739
7.6,7.505616249529701,y_randomization,lightgbm,42,765,-0.13597209098202168,3.613817633112982,2.994746427133739
7.64,5.2165430910370585,y_randomization,lightgbm,42,765,-0.13597209098202168,3.613817633112982,2.994746427133739
7.65,6.441470756711402,y_randomization,lightgbm,42,765,-0.13597209098202168,3.613817633112982,2.994746427133739
7.65,6.078100482221004,y_randomization,lightgbm,42,765,-0.13597209098202168,3.613817633112982,2.994746427133739
7.67,7.916217580996636,y_randomization,lightgbm,42,765,-0.13597209098202168,3.613817633112982,2.994746427133739
7.69,4.895739186829585,y_randomization,lightgbm,42,765,-0.13597209098202168,3.613817633112982,2.994746427133739
7.7,7.651530809018652,y_randomization,lightgbm,42,765,-0.13597209098202168,3.613817633112982,2.994746427133739
7.7,7.198748301784088,y_randomization,lightgbm,42,765,-0.13597209098202168,3.613817633112982,2.994746427133739
7.72,8.591221492201496,y_randomization,lightgbm,42,765,-0.13597209098202168,3.613817633112982,2.994746427133739
7.74,7.132789045066985,y_randomization,lightgbm,42,765,-0.13597209098202168,3.613817633112982,2.994746427133739
7.75,5.549771897000115,y_randomization,lightgbm,42,765,-0.13597209098202168,3.613817633112982,2.994746427133739
7.75,7.252694921788288,y_randomization,lightgbm,42,765,-0.13597209098202168,3.613817633112982,2.994746427133739
7.77,6.422493451482913,y_randomization,lightgbm,42,765,-0.13597209098202168,3.613817633112982,2.994746427133739
7.8,4.932441403543304,y_randomization,lightgbm,42,765,-0.13597209098202168,3.613817633112982,2.994746427133739
7.8,8.375571616746585,y_randomization,lightgbm,42,765,-0.13597209098202168,3.613817633112982,2.994746427133739
7.8,4.373036908679062,y_randomization,lightgbm,42,765,-0.13597209098202168,3.613817633112982,2.994746427133739
7.82,8.082837606650955,y_randomization,lightgbm,42,765,-0.13597209098202168,3.613817633112982,2.994746427133739
7.84,4.371323976459714,y_randomization,lightgbm,42,765,-0.13597209098202168,3.613817633112982,2.994746427133739
7.86,7.5901603622419405,y_randomization,lightgbm,42,765,-0.13597209098202168,3.613817633112982,2.994746427133739
7.89,6.590650109987148,y_randomization,lightgbm,42,765,-0.13597209098202168,3.613817633112982,2.994746427133739
7.9,5.398248085539871,y_randomization,lightgbm,42,765,-0.13597209098202168,3.613817633112982,2.994746427133739
7.91,7.684694197857023,y_randomization,lightgbm,42,765,-0.13597209098202168,3.613817633112982,2.994746427133739
7.92,7.014800639139085,y_randomization,lightgbm,42,765,-0.13597209098202168,3.613817633112982,2.994746427133739
7.95,3.7878600008652423,y_randomization,lightgbm,42,765,-0.13597209098202168,3.613817633112982,2.994746427133739
7.98,7.089671728989147,y_randomization,lightgbm,42,765,-0.13597209098202168,3.613817633112982,2.994746427133739
7.98,6.531810376589378,y_randomization,lightgbm,42,765,-0.13597209098202168,3.613817633112982,2.994746427133739
8.0,7.968824141798922,y_randomization,lightgbm,42,765,-0.13597209098202168,3.613817633112982,2.994746427133739
8.0,7.284543914586432,y_randomization,lightgbm,42,765,-0.13597209098202168,3.613817633112982,2.994746427133739
8.0,6.498577429630997,y_randomization,lightgbm,42,765,-0.13597209098202168,3.613817633112982,2.994746427133739
8.01,9.837495609418411,y_randomization,lightgbm,42,765,-0.13597209098202168,3.613817633112982,2.994746427133739
8.02,6.910906869222553,y_randomization,lightgbm,42,765,-0.13597209098202168,3.613817633112982,2.994746427133739
8.04,5.697151290941995,y_randomization,lightgbm,42,765,-0.13597209098202168,3.613817633112982,2.994746427133739
8.05,5.714052721500939,y_randomization,lightgbm,42,765,-0.13597209098202168,3.613817633112982,2.994746427133739
8.07,6.182296744469001,y_randomization,lightgbm,42,765,-0.13597209098202168,3.613817633112982,2.994746427133739
8.08,6.763760472878716,y_randomization,lightgbm,42,765,-0.13597209098202168,3.613817633112982,2.994746427133739
8.1,7.096309396208692,y_randomization,lightgbm,42,765,-0.13597209098202168,3.613817633112982,2.994746427133739
8.1,6.527657907217334,y_randomization,lightgbm,42,765,-0.13597209098202168,3.613817633112982,2.994746427133739
8.11,8.86614649703571,y_randomization,lightgbm,42,765,-0.13597209098202168,3.613817633112982,2.994746427133739
8.13,8.443997718540597,y_randomization,lightgbm,42,765,-0.13597209098202168,3.613817633112982,2.994746427133739
8.15,7.117645733284297,y_randomization,lightgbm,42,765,-0.13597209098202168,3.613817633112982,2.994746427133739
8.18,7.9359722657479255,y_randomization,lightgbm,42,765,-0.13597209098202168,3.613817633112982,2.994746427133739
8.2,6.221120148131246,y_randomization,lightgbm,42,765,-0.13597209098202168,3.613817633112982,2.994746427133739
8.2,7.125975890179815,y_randomization,lightgbm,42,765,-0.13597209098202168,3.613817633112982,2.994746427133739
8.21,6.1168817616196876,y_randomization,lightgbm,42,765,-0.13597209098202168,3.613817633112982,2.994746427133739
8.22,7.909435357426611,y_randomization,lightgbm,42,765,-0.13597209098202168,3.613817633112982,2.994746427133739
8.24,9.078326408882848,y_randomization,lightgbm,42,765,-0.13597209098202168,3.613817633112982,2.994746427133739
8.25,6.8306462264584775,y_randomization,lightgbm,42,765,-0.13597209098202168,3.613817633112982,2.994746427133739
8.25,5.252004654707368,y_randomization,lightgbm,42,765,-0.13597209098202168,3.613817633112982,2.994746427133739
8.27,3.9141490662448,y_randomization,lightgbm,42,765,-0.13597209098202168,3.613817633112982,2.994746427133739
8.28,5.9363239015492,y_randomization,lightgbm,42,765,-0.13597209098202168,3.613817633112982,2.994746427133739
8.3,6.573766510952036,y_randomization,lightgbm,42,765,-0.13597209098202168,3.613817633112982,2.994746427133739
8.31,5.9101503985253405,y_randomization,lightgbm,42,765,-0.13597209098202168,3.613817633112982,2.994746427133739
8.32,7.384622358490239,y_randomization,lightgbm,42,765,-0.13597209098202168,3.613817633112982,2.994746427133739
8.34,4.920750787375345,y_randomization,lightgbm,42,765,-0.13597209098202168,3.613817633112982,2.994746427133739
8.34,6.555914133979946,y_randomization,lightgbm,42,765,-0.13597209098202168,3.613817633112982,2.994746427133739
8.36,5.30589371545359,y_randomization,lightgbm,42,765,-0.13597209098202168,3.613817633112982,2.994746427133739
8.38,6.056928303801409,y_randomization,lightgbm,42,765,-0.13597209098202168,3.613817633112982,2.994746427133739
8.4,5.749624575406059,y_randomization,lightgbm,42,765,-0.13597209098202168,3.613817633112982,2.994746427133739
8.4,5.761481893721767,y_randomization,lightgbm,42,765,-0.13597209098202168,3.613817633112982,2.994746427133739
8.42,6.146080170121344,y_randomization,lightgbm,42,765,-0.13597209098202168,3.613817633112982,2.994746427133739
8.44,7.092265811736155,y_randomization,lightgbm,42,765,-0.13597209098202168,3.613817633112982,2.994746427133739
8.45,6.641744881819083,y_randomization,lightgbm,42,765,-0.13597209098202168,3.613817633112982,2.994746427133739
8.48,8.283237050121768,y_randomization,lightgbm,42,765,-0.13597209098202168,3.613817633112982,2.994746427133739
8.49,9.425929359196061,y_randomization,lightgbm,42,765,-0.13597209098202168,3.613817633112982,2.994746427133739
8.5,5.1918909350330855,y_randomization,lightgbm,42,765,-0.13597209098202168,3.613817633112982,2.994746427133739
8.52,5.717991111215185,y_randomization,lightgbm,42,765,-0.13597209098202168,3.613817633112982,2.994746427133739
8.55,5.871719824248088,y_randomization,lightgbm,42,765,-0.13597209098202168,3.613817633112982,2.994746427133739
8.57,6.048100384078542,y_randomization,lightgbm,42,765,-0.13597209098202168,3.613817633112982,2.994746427133739
8.6,5.349746963407809,y_randomization,lightgbm,42,765,-0.13597209098202168,3.613817633112982,2.994746427133739
8.6,3.838408201969301,y_randomization,lightgbm,42,765,-0.13597209098202168,3.613817633112982,2.994746427133739
8.61,7.913063697363165,y_randomization,lightgbm,42,765,-0.13597209098202168,3.613817633112982,2.994746427133739
8.62,7.111652016046177,y_randomization,lightgbm,42,765,-0.13597209098202168,3.613817633112982,2.994746427133739
8.63,6.3981815699659625,y_randomization,lightgbm,42,765,-0.13597209098202168,3.613817633112982,2.994746427133739
8.65,9.049613948509348,y_randomization,lightgbm,42,765,-0.13597209098202168,3.613817633112982,2.994746427133739
8.68,10.246195222506609,y_randomization,lightgbm,42,765,-0.13597209098202168,3.613817633112982,2.994746427133739
8.68,6.269480701103714,y_randomization,lightgbm,42,765,-0.13597209098202168,3.613817633112982,2.994746427133739
8.69,5.155247439210974,y_randomization,lightgbm,42,765,-0.13597209098202168,3.613817633112982,2.994746427133739
8.7,8.508187918867948,y_randomization,lightgbm,42,765,-0.13597209098202168,3.613817633112982,2.994746427133739
8.7,6.561403253270088,y_randomization,lightgbm,42,765,-0.13597209098202168,3.613817633112982,2.994746427133739
8.705,8.005421363631635,y_randomization,lightgbm,42,765,-0.13597209098202168,3.613817633112982,2.994746427133739
8.72,4.806266581852071,y_randomization,lightgbm,42,765,-0.13597209098202168,3.613817633112982,2.994746427133739
8.73,8.814871992427667,y_randomization,lightgbm,42,765,-0.13597209098202168,3.613817633112982,2.994746427133739
8.75,8.350591883497337,y_randomization,lightgbm,42,765,-0.13597209098202168,3.613817633112982,2.994746427133739
8.75,6.66729072674027,y_randomization,lightgbm,42,765,-0.13597209098202168,3.613817633112982,2.994746427133739
8.77,6.977986954672312,y_randomization,lightgbm,42,765,-0.13597209098202168,3.613817633112982,2.994746427133739
8.79,7.997917023705813,y_randomization,lightgbm,42,765,-0.13597209098202168,3.613817633112982,2.994746427133739
8.8,5.968577469207629,y_randomization,lightgbm,42,765,-0.13597209098202168,3.613817633112982,2.994746427133739
8.8,7.811681907952007,y_randomization,lightgbm,42,765,-0.13597209098202168,3.613817633112982,2.994746427133739
8.81,7.038539178773883,y_randomization,lightgbm,42,765,-0.13597209098202168,3.613817633112982,2.994746427133739
8.82,5.595885371672451,y_randomization,lightgbm,42,765,-0.13597209098202168,3.613817633112982,2.994746427133739
8.83,8.321221358913316,y_randomization,lightgbm,42,765,-0.13597209098202168,3.613817633112982,2.994746427133739
8.85,4.451753749524257,y_randomization,lightgbm,42,765,-0.13597209098202168,3.613817633112982,2.994746427133739
8.85,8.085741997235074,y_randomization,lightgbm,42,765,-0.13597209098202168,3.613817633112982,2.994746427133739
8.87,6.460593266770436,y_randomization,lightgbm,42,765,-0.13597209098202168,3.613817633112982,2.994746427133739
8.88,7.501464963331894,y_randomization,lightgbm,42,765,-0.13597209098202168,3.613817633112982,2.994746427133739
8.89,7.994483730029086,y_randomization,lightgbm,42,765,-0.13597209098202168,3.613817633112982,2.994746427133739
8.89,6.264768606319173,y_randomization,lightgbm,42,765,-0.13597209098202168,3.613817633112982,2.994746427133739
8.9,8.299596559162962,y_randomization,lightgbm,42,765,-0.13597209098202168,3.613817633112982,2.994746427133739
8.9,7.105532116643723,y_randomization,lightgbm,42,765,-0.13597209098202168,3.613817633112982,2.994746427133739
8.91,6.534737431437191,y_randomization,lightgbm,42,765,-0.13597209098202168,3.613817633112982,2.994746427133739
8.92,7.9946264987879,y_randomization,lightgbm,42,765,-0.13597209098202168,3.613817633112982,2.994746427133739
8.94,6.6424409259938875,y_randomization,lightgbm,42,765,-0.13597209098202168,3.613817633112982,2.994746427133739
8.95,6.614896017786257,y_randomization,lightgbm,42,765,-0.13597209098202168,3.613817633112982,2.994746427133739
8.98,6.31991916464463,y_randomization,lightgbm,42,765,-0.13597209098202168,3.613817633112982,2.994746427133739
8.98,5.085909590044286,y_randomization,lightgbm,42,765,-0.13597209098202168,3.613817633112982,2.994746427133739
8.99,7.974739845213909,y_randomization,lightgbm,42,765,-0.13597209098202168,3.613817633112982,2.994746427133739
9.0,6.97253037522689,y_randomization,lightgbm,42,765,-0.13597209098202168,3.613817633112982,2.994746427133739
9.02,7.82561337081168,y_randomization,lightgbm,42,765,-0.13597209098202168,3.613817633112982,2.994746427133739
9.035,6.288028685585883,y_randomization,lightgbm,42,765,-0.13597209098202168,3.613817633112982,2.994746427133739
9.05,7.683129018863885,y_randomization,lightgbm,42,765,-0.13597209098202168,3.613817633112982,2.994746427133739
9.06,4.430788133760214,y_randomization,lightgbm,42,765,-0.13597209098202168,3.613817633112982,2.994746427133739
9.09,4.360760091731524,y_randomization,lightgbm,42,765,-0.13597209098202168,3.613817633112982,2.994746427133739
9.1,7.809872360000685,y_randomization,lightgbm,42,765,-0.13597209098202168,3.613817633112982,2.994746427133739
9.12,6.097878559518545,y_randomization,lightgbm,42,765,-0.13597209098202168,3.613817633112982,2.994746427133739
9.14,6.623250897937097,y_randomization,lightgbm,42,765,-0.13597209098202168,3.613817633112982,2.994746427133739
9.14,7.464154532636007,y_randomization,lightgbm,42,765,-0.13597209098202168,3.613817633112982,2.994746427133739
9.15,6.156104943330085,y_randomization,lightgbm,42,765,-0.13597209098202168,3.613817633112982,2.994746427133739
9.16,7.833267731189246,y_randomization,lightgbm,42,765,-0.13597209098202168,3.613817633112982,2.994746427133739
9.19,8.687681885075113,y_randomization,lightgbm,42,765,-0.13597209098202168,3.613817633112982,2.994746427133739
9.19,6.327729177888162,y_randomization,lightgbm,42,765,-0.13597209098202168,3.613817633112982,2.994746427133739
9.2,4.72395366341958,y_randomization,lightgbm,42,765,-0.13597209098202168,3.613817633112982,2.994746427133739
9.2,6.105804500044154,y_randomization,lightgbm,42,765,-0.13597209098202168,3.613817633112982,2.994746427133739
9.23,7.0204376294068185,y_randomization,lightgbm,42,765,-0.13597209098202168,3.613817633112982,2.994746427133739
9.25,7.518145476627177,y_randomization,lightgbm,42,765,-0.13597209098202168,3.613817633112982,2.994746427133739
9.26,6.200601900724681,y_randomization,lightgbm,42,765,-0.13597209098202168,3.613817633112982,2.994746427133739
9.26,5.656324366193235,y_randomization,lightgbm,42,765,-0.13597209098202168,3.613817633112982,2.994746427133739
9.27,6.8632706608580545,y_randomization,lightgbm,42,765,-0.13597209098202168,3.613817633112982,2.994746427133739
9.28,5.3232540088857325,y_randomization,lightgbm,42,765,-0.13597209098202168,3.613817633112982,2.994746427133739
9.3,6.591956004888626,y_randomization,lightgbm,42,765,-0.13597209098202168,3.613817633112982,2.994746427133739
9.3,7.17060101773446,y_randomization,lightgbm,42,765,-0.13597209098202168,3.613817633112982,2.994746427133739
9.32,6.109822772055493,y_randomization,lightgbm,42,765,-0.13597209098202168,3.613817633112982,2.994746427133739
9.33,6.258167523761444,y_randomization,lightgbm,42,765,-0.13597209098202168,3.613817633112982,2.994746427133739
9.34,5.991612370435752,y_randomization,lightgbm,42,765,-0.13597209098202168,3.613817633112982,2.994746427133739
9.36,7.465695133115567,y_randomization,lightgbm,42,765,-0.13597209098202168,3.613817633112982,2.994746427133739
9.38,7.268878728105389,y_randomization,lightgbm,42,765,-0.13597209098202168,3.613817633112982,2.994746427133739
9.39,7.36778645346465,y_randomization,lightgbm,42,765,-0.13597209098202168,3.613817633112982,2.994746427133739
9.4,7.4393999591414435,y_randomization,lightgbm,42,765,-0.13597209098202168,3.613817633112982,2.994746427133739
9.43,6.915138026050912,y_randomization,lightgbm,42,765,-0.13597209098202168,3.613817633112982,2.994746427133739
9.44,7.630856951546433,y_randomization,lightgbm,42,765,-0.13597209098202168,3.613817633112982,2.994746427133739
9.46,6.838098503357967,y_randomization,lightgbm,42,765,-0.13597209098202168,3.613817633112982,2.994746427133739
9.46,7.157552477174391,y_randomization,lightgbm,42,765,-0.13597209098202168,3.613817633112982,2.994746427133739
9.47,5.481164217107284,y_randomization,lightgbm,42,765,-0.13597209098202168,3.613817633112982,2.994746427133739
9.48,7.179582970453474,y_randomization,lightgbm,42,765,-0.13597209098202168,3.613817633112982,2.994746427133739
9.49,5.301641620971433,y_randomization,lightgbm,42,765,-0.13597209098202168,3.613817633112982,2.994746427133739
9.5,6.9677702412564475,y_randomization,lightgbm,42,765,-0.13597209098202168,3.613817633112982,2.994746427133739
9.5,3.5101577874127043,y_randomization,lightgbm,42,765,-0.13597209098202168,3.613817633112982,2.994746427133739
9.51,7.3567955368933475,y_randomization,lightgbm,42,765,-0.13597209098202168,3.613817633112982,2.994746427133739
9.51,9.551216168904048,y_randomization,lightgbm,42,765,-0.13597209098202168,3.613817633112982,2.994746427133739
9.525,6.756202876253389,y_randomization,lightgbm,42,765,-0.13597209098202168,3.613817633112982,2.994746427133739
9.54,7.4309867609263724,y_randomization,lightgbm,42,765,-0.13597209098202168,3.613817633112982,2.994746427133739
9.54,5.320954098846513,y_randomization,lightgbm,42,765,-0.13597209098202168,3.613817633112982,2.994746427133739
9.55,9.184651896489504,y_randomization,lightgbm,42,765,-0.13597209098202168,3.613817633112982,2.994746427133739
9.57,6.1960248480326605,y_randomization,lightgbm,42,765,-0.13597209098202168,3.613817633112982,2.994746427133739
9.59,6.510904304502817,y_randomization,lightgbm,42,765,-0.13597209098202168,3.613817633112982,2.994746427133739
9.6,5.3923361808359385,y_randomization,lightgbm,42,765,-0.13597209098202168,3.613817633112982,2.994746427133739
9.6,6.139943684625657,y_randomization,lightgbm,42,765,-0.13597209098202168,3.613817633112982,2.994746427133739
9.63,5.668688826743114,y_randomization,lightgbm,42,765,-0.13597209098202168,3.613817633112982,2.994746427133739
9.64,7.121597912388862,y_randomization,lightgbm,42,765,-0.13597209098202168,3.613817633112982,2.994746427133739
9.65,8.31998300363841,y_randomization,lightgbm,42,765,-0.13597209098202168,3.613817633112982,2.994746427133739
9.69,7.429345291327944,y_randomization,lightgbm,42,765,-0.13597209098202168,3.613817633112982,2.994746427133739
9.7,7.420624936086401,y_randomization,lightgbm,42,765,-0.13597209098202168,3.613817633112982,2.994746427133739
9.7,9.009665073652187,y_randomization,lightgbm,42,765,-0.13597209098202168,3.613817633112982,2.994746427133739
9.72,5.426885046455196,y_randomization,lightgbm,42,765,-0.13597209098202168,3.613817633112982,2.994746427133739
9.73,4.114512354116885,y_randomization,lightgbm,42,765,-0.13597209098202168,3.613817633112982,2.994746427133739
9.74,9.685763060059928,y_randomization,lightgbm,42,765,-0.13597209098202168,3.613817633112982,2.994746427133739
9.75,7.142938884359482,y_randomization,lightgbm,42,765,-0.13597209098202168,3.613817633112982,2.994746427133739
9.78,7.99317580430709,y_randomization,lightgbm,42,765,-0.13597209098202168,3.613817633112982,2.994746427133739
9.8,7.3605519025200365,y_randomization,lightgbm,42,765,-0.13597209098202168,3.613817633112982,2.994746427133739
9.8,6.198764073400588,y_randomization,lightgbm,42,765,-0.13597209098202168,3.613817633112982,2.994746427133739
9.81,7.729027130300914,y_randomization,lightgbm,42,765,-0.13597209098202168,3.613817633112982,2.994746427133739
9.825,7.093379375523813,y_randomization,lightgbm,42,765,-0.13597209098202168,3.613817633112982,2.994746427133739
9.83,8.345248414933081,y_randomization,lightgbm,42,765,-0.13597209098202168,3.613817633112982,2.994746427133739
9.84,7.072382429809501,y_randomization,lightgbm,42,765,-0.13597209098202168,3.613817633112982,2.994746427133739
9.85,5.624611549480423,y_randomization,lightgbm,42,765,-0.13597209098202168,3.613817633112982,2.994746427133739
9.86,6.869584216304531,y_randomization,lightgbm,42,765,-0.13597209098202168,3.613817633112982,2.994746427133739
9.88,7.987531334570171,y_randomization,lightgbm,42,765,-0.13597209098202168,3.613817633112982,2.994746427133739
9.9,7.157702272868457,y_randomization,lightgbm,42,765,-0.13597209098202168,3.613817633112982,2.994746427133739
9.91,7.496305669763613,y_randomization,lightgbm,42,765,-0.13597209098202168,3.613817633112982,2.994746427133739
9.92,6.413945066158686,y_randomization,lightgbm,42,765,-0.13597209098202168,3.613817633112982,2.994746427133739
9.93,7.280121691378884,y_randomization,lightgbm,42,765,-0.13597209098202168,3.613817633112982,2.994746427133739
9.94,7.50726620042792,y_randomization,lightgbm,42,765,-0.13597209098202168,3.613817633112982,2.994746427133739
9.96,8.010569851942602,y_randomization,lightgbm,42,765,-0.13597209098202168,3.613817633112982,2.994746427133739
9.99,7.249155504636805,y_randomization,lightgbm,42,765,-0.13597209098202168,3.613817633112982,2.994746427133739
10.0,8.277677532544235,y_randomization,lightgbm,42,765,-0.13597209098202168,3.613817633112982,2.994746427133739
10.0,5.854197816330439,y_randomization,lightgbm,42,765,-0.13597209098202168,3.613817633112982,2.994746427133739
10.0,5.8477171118356175,y_randomization,lightgbm,42,765,-0.13597209098202168,3.613817633112982,2.994746427133739
10.02,7.868494745731686,y_randomization,lightgbm,42,765,-0.13597209098202168,3.613817633112982,2.994746427133739
10.03,8.00908864754314,y_randomization,lightgbm,42,765,-0.13597209098202168,3.613817633112982,2.994746427133739
10.05,3.9103112807541067,y_randomization,lightgbm,42,765,-0.13597209098202168,3.613817633112982,2.994746427133739
10.08,7.307676232379697,y_randomization,lightgbm,42,765,-0.13597209098202168,3.613817633112982,2.994746427133739
10.1,7.1336770293130485,y_randomization,lightgbm,42,765,-0.13597209098202168,3.613817633112982,2.994746427133739
10.1,5.347585300707862,y_randomization,lightgbm,42,765,-0.13597209098202168,3.613817633112982,2.994746427133739
10.12,8.155553218222783,y_randomization,lightgbm,42,765,-0.13597209098202168,3.613817633112982,2.994746427133739
10.14,6.502425448025337,y_randomization,lightgbm,42,765,-0.13597209098202168,3.613817633112982,2.994746427133739
10.15,9.54546758303395,y_randomization,lightgbm,42,765,-0.13597209098202168,3.613817633112982,2.994746427133739
10.16,6.748402785302732,y_randomization,lightgbm,42,765,-0.13597209098202168,3.613817633112982,2.994746427133739
10.2,6.439412944339644,y_randomization,lightgbm,42,765,-0.13597209098202168,3.613817633112982,2.994746427133739
10.2,5.9397887243276255,y_randomization,lightgbm,42,765,-0.13597209098202168,3.613817633112982,2.994746427133739
10.21,6.6315071123524785,y_randomization,lightgbm,42,765,-0.13597209098202168,3.613817633112982,2.994746427133739
10.22,6.430604152210407,y_randomization,lightgbm,42,765,-0.13597209098202168,3.613817633112982,2.994746427133739
10.23,7.812695290595362,y_randomization,lightgbm,42,765,-0.13597209098202168,3.613817633112982,2.994746427133739
10.23,6.742489396740392,y_randomization,lightgbm,42,765,-0.13597209098202168,3.613817633112982,2.994746427133739
10.24,5.591960628494235,y_randomization,lightgbm,42,765,-0.13597209098202168,3.613817633112982,2.994746427133739
10.25,5.565611410122477,y_randomization,lightgbm,42,765,-0.13597209098202168,3.613817633112982,2.994746427133739
10.27,6.36370365206714,y_randomization,lightgbm,42,765,-0.13597209098202168,3.613817633112982,2.994746427133739
10.29,6.916837661463268,y_randomization,lightgbm,42,765,-0.13597209098202168,3.613817633112982,2.994746427133739
10.3,5.261080005221128,y_randomization,lightgbm,42,765,-0.13597209098202168,3.613817633112982,2.994746427133739
10.3,6.744953269002788,y_randomization,lightgbm,42,765,-0.13597209098202168,3.613817633112982,2.994746427133739
10.32,7.3118549756599585,y_randomization,lightgbm,42,765,-0.13597209098202168,3.613817633112982,2.994746427133739
10.35,5.992520650735222,y_randomization,lightgbm,42,765,-0.13597209098202168,3.613817633112982,2.994746427133739
10.37,6.3294575392952765,y_randomization,lightgbm,42,765,-0.13597209098202168,3.613817633112982,2.994746427133739
10.4,6.299892182951719,y_randomization,lightgbm,42,765,-0.13597209098202168,3.613817633112982,2.994746427133739
10.42,5.68274099508195,y_randomization,lightgbm,42,765,-0.13597209098202168,3.613817633112982,2.994746427133739
10.43,5.84344269658255,y_randomization,lightgbm,42,765,-0.13597209098202168,3.613817633112982,2.994746427133739
10.45,7.90099390494151,y_randomization,lightgbm,42,765,-0.13597209098202168,3.613817633112982,2.994746427133739
10.47,8.51753618611855,y_randomization,lightgbm,42,765,-0.13597209098202168,3.613817633112982,2.994746427133739
10.49,6.877564029833206,y_randomization,lightgbm,42,765,-0.13597209098202168,3.613817633112982,2.994746427133739
10.5,5.763343259356489,y_randomization,lightgbm,42,765,-0.13597209098202168,3.613817633112982,2.994746427133739
10.5,7.579051715604249,y_randomization,lightgbm,42,765,-0.13597209098202168,3.613817633112982,2.994746427133739
10.52,10.85560798727339,y_randomization,lightgbm,42,765,-0.13597209098202168,3.613817633112982,2.994746427133739
10.54,6.465091475902472,y_randomization,lightgbm,42,765,-0.13597209098202168,3.613817633112982,2.994746427133739
10.55,8.690583955318598,y_randomization,lightgbm,42,765,-0.13597209098202168,3.613817633112982,2.994746427133739
10.57,7.2416733207401744,y_randomization,lightgbm,42,765,-0.13597209098202168,3.613817633112982,2.994746427133739
10.58,6.488978851350476,y_randomization,lightgbm,42,765,-0.13597209098202168,3.613817633112982,2.994746427133739
10.6,6.94174565918023,y_randomization,lightgbm,42,765,-0.13597209098202168,3.613817633112982,2.994746427133739
10.6,7.122394614184558,y_randomization,lightgbm,42,765,-0.13597209098202168,3.613817633112982,2.994746427133739
10.63,8.75049809617327,y_randomization,lightgbm,42,765,-0.13597209098202168,3.613817633112982,2.994746427133739
10.65,5.5479652269675155,y_randomization,lightgbm,42,765,-0.13597209098202168,3.613817633112982,2.994746427133739
10.68,5.637927655570802,y_randomization,lightgbm,42,765,-0.13597209098202168,3.613817633112982,2.994746427133739
10.7,6.928461306384983,y_randomization,lightgbm,42,765,-0.13597209098202168,3.613817633112982,2.994746427133739
10.7,5.356850776452113,y_randomization,lightgbm,42,765,-0.13597209098202168,3.613817633112982,2.994746427133739
10.71,6.29367957599053,y_randomization,lightgbm,42,765,-0.13597209098202168,3.613817633112982,2.994746427133739
10.72,4.904695622194522,y_randomization,lightgbm,42,765,-0.13597209098202168,3.613817633112982,2.994746427133739
10.74,5.199876318899573,y_randomization,lightgbm,42,765,-0.13597209098202168,3.613817633112982,2.994746427133739
10.75,7.039878208554852,y_randomization,lightgbm,42,765,-0.13597209098202168,3.613817633112982,2.994746427133739
10.77,8.575805911851056,y_randomization,lightgbm,42,765,-0.13597209098202168,3.613817633112982,2.994746427133739
10.78,5.714895775792917,y_randomization,lightgbm,42,765,-0.13597209098202168,3.613817633112982,2.994746427133739
10.79,7.332774114331924,y_randomization,lightgbm,42,765,-0.13597209098202168,3.613817633112982,2.994746427133739
10.8,8.038532741248991,y_randomization,lightgbm,42,765,-0.13597209098202168,3.613817633112982,2.994746427133739
10.81,9.130486150278747,y_randomization,lightgbm,42,765,-0.13597209098202168,3.613817633112982,2.994746427133739
10.83,7.804676376351225,y_randomization,lightgbm,42,765,-0.13597209098202168,3.613817633112982,2.994746427133739
10.84,8.390146930592664,y_randomization,lightgbm,42,765,-0.13597209098202168,3.613817633112982,2.994746427133739
10.85,4.351818730032734,y_randomization,lightgbm,42,765,-0.13597209098202168,3.613817633112982,2.994746427133739
10.85,5.247064381385557,y_randomization,lightgbm,42,765,-0.13597209098202168,3.613817633112982,2.994746427133739
10.86,6.818536716381419,y_randomization,lightgbm,42,765,-0.13597209098202168,3.613817633112982,2.994746427133739
10.88,5.382137380364063,y_randomization,lightgbm,42,765,-0.13597209098202168,3.613817633112982,2.994746427133739
10.89,6.877610961134605,y_randomization,lightgbm,42,765,-0.13597209098202168,3.613817633112982,2.994746427133739
10.9,6.448270427284038,y_randomization,lightgbm,42,765,-0.13597209098202168,3.613817633112982,2.994746427133739
10.9,8.181644452627646,y_randomization,lightgbm,42,765,-0.13597209098202168,3.613817633112982,2.994746427133739
10.9,9.260333013918082,y_randomization,lightgbm,42,765,-0.13597209098202168,3.613817633112982,2.994746427133739
10.93,7.252114241597278,y_randomization,lightgbm,42,765,-0.13597209098202168,3.613817633112982,2.994746427133739
10.94,5.116028082297921,y_randomization,lightgbm,42,765,-0.13597209098202168,3.613817633112982,2.994746427133739
10.95,8.053328989638336,y_randomization,lightgbm,42,765,-0.13597209098202168,3.613817633112982,2.994746427133739
10.97,6.154704953328106,y_randomization,lightgbm,42,765,-0.13597209098202168,3.613817633112982,2.994746427133739
10.99,7.2836317947982,y_randomization,lightgbm,42,765,-0.13597209098202168,3.613817633112982,2.994746427133739
11.0,4.755614889439564,y_randomization,lightgbm,42,765,-0.13597209098202168,3.613817633112982,2.994746427133739
11.05,5.077956582809278,y_randomization,lightgbm,42,765,-0.13597209098202168,3.613817633112982,2.994746427133739
11.07,6.366054789789719,y_randomization,lightgbm,42,765,-0.13597209098202168,3.613817633112982,2.994746427133739
11.1,9.791060108377927,y_randomization,lightgbm,42,765,-0.13597209098202168,3.613817633112982,2.994746427133739
11.1,6.0492875653658915,y_randomization,lightgbm,42,765,-0.13597209098202168,3.613817633112982,2.994746427133739
11.13,7.17568178754983,y_randomization,lightgbm,42,765,-0.13597209098202168,3.613817633112982,2.994746427133739
11.18,8.473342569607372,y_randomization,lightgbm,42,765,-0.13597209098202168,3.613817633112982,2.994746427133739
11.2,6.039582635432831,y_randomization,lightgbm,42,765,-0.13597209098202168,3.613817633112982,2.994746427133739
11.21,7.109974151952993,y_randomization,lightgbm,42,765,-0.13597209098202168,3.613817633112982,2.994746427133739
11.23,8.790915398833123,y_randomization,lightgbm,42,765,-0.13597209098202168,3.613817633112982,2.994746427133739
11.25,7.753136480788304,y_randomization,lightgbm,42,765,-0.13597209098202168,3.613817633112982,2.994746427133739
11.26,7.648300987373665,y_randomization,lightgbm,42,765,-0.13597209098202168,3.613817633112982,2.994746427133739
11.29,4.931240033449325,y_randomization,lightgbm,42,765,-0.13597209098202168,3.613817633112982,2.994746427133739
11.3,7.057160884852367,y_randomization,lightgbm,42,765,-0.13597209098202168,3.613817633112982,2.994746427133739
11.34,6.807929199531052,y_randomization,lightgbm,42,765,-0.13597209098202168,3.613817633112982,2.994746427133739
11.35,8.854562146650778,y_randomization,lightgbm,42,765,-0.13597209098202168,3.613817633112982,2.994746427133739
11.4,6.188852886331138,y_randomization,lightgbm,42,765,-0.13597209098202168,3.613817633112982,2.994746427133739
11.4,6.559951083288719,y_randomization,lightgbm,42,765,-0.13597209098202168,3.613817633112982,2.994746427133739
11.4,4.504341656854816,y_randomization,lightgbm,42,765,-0.13597209098202168,3.613817633112982,2.994746427133739
11.415,7.1578324827592175,y_randomization,lightgbm,42,765,-0.13597209098202168,3.613817633112982,2.994746427133739
11.46,5.580041002945262,y_randomization,lightgbm,42,765,-0.13597209098202168,3.613817633112982,2.994746427133739
11.48,7.313005828178604,y_randomization,lightgbm,42,765,-0.13597209098202168,3.613817633112982,2.994746427133739
11.5,6.699541964581993,y_randomization,lightgbm,42,765,-0.13597209098202168,3.613817633112982,2.994746427133739
11.5,6.249269738646898,y_randomization,lightgbm,42,765,-0.13597209098202168,3.613817633112982,2.994746427133739
11.5,6.949500084946752,y_randomization,lightgbm,42,765,-0.13597209098202168,3.613817633112982,2.994746427133739
11.53,5.812687560983885,y_randomization,lightgbm,42,765,-0.13597209098202168,3.613817633112982,2.994746427133739
11.56,6.903966793403055,y_randomization,lightgbm,42,765,-0.13597209098202168,3.613817633112982,2.994746427133739
11.6,6.071449029784845,y_randomization,lightgbm,42,765,-0.13597209098202168,3.613817633112982,2.994746427133739
11.62,6.209213634442105,y_randomization,lightgbm,42,765,-0.13597209098202168,3.613817633112982,2.994746427133739
11.7,6.025677113201703,y_randomization,lightgbm,42,765,-0.13597209098202168,3.613817633112982,2.994746427133739
11.75,3.8217008005636925,y_randomization,lightgbm,42,765,-0.13597209098202168,3.613817633112982,2.994746427133739
11.8,6.601120109414006,y_randomization,lightgbm,42,765,-0.13597209098202168,3.613817633112982,2.994746427133739
11.8,7.903306569073359,y_randomization,lightgbm,42,765,-0.13597209098202168,3.613817633112982,2.994746427133739
11.84,8.91449122388506,y_randomization,lightgbm,42,765,-0.13597209098202168,3.613817633112982,2.994746427133739
11.85,6.819561176961708,y_randomization,lightgbm,42,765,-0.13597209098202168,3.613817633112982,2.994746427133739
11.88,6.0155752977642525,y_randomization,lightgbm,42,765,-0.13597209098202168,3.613817633112982,2.994746427133739
11.9,7.256978360608279,y_randomization,lightgbm,42,765,-0.13597209098202168,3.613817633112982,2.994746427133739
11.95,6.828254395591171,y_randomization,lightgbm,42,765,-0.13597209098202168,3.613817633112982,2.994746427133739
11.99,5.545847887962932,y_randomization,lightgbm,42,765,-0.13597209098202168,3.613817633112982,2.994746427133739
12.02,6.904392942487158,y_randomization,lightgbm,42,765,-0.13597209098202168,3.613817633112982,2.994746427133739
12.09,7.344553168010084,y_randomization,lightgbm,42,765,-0.13597209098202168,3.613817633112982,2.994746427133739
12.1,7.192929575907037,y_randomization,lightgbm,42,765,-0.13597209098202168,3.613817633112982,2.994746427133739
12.14,6.911915198676201,y_randomization,lightgbm,42,765,-0.13597209098202168,3.613817633112982,2.994746427133739
12.2,7.903342874056423,y_randomization,lightgbm,42,765,-0.13597209098202168,3.613817633112982,2.994746427133739
12.2,6.793549659175924,y_randomization,lightgbm,42,765,-0.13597209098202168,3.613817633112982,2.994746427133739
12.3,7.426048434168916,y_randomization,lightgbm,42,765,-0.13597209098202168,3.613817633112982,2.994746427133739
12.3,7.1340088057663475,y_randomization,lightgbm,42,765,-0.13597209098202168,3.613817633112982,2.994746427133739
12.35,7.734571537646933,y_randomization,lightgbm,42,765,-0.13597209098202168,3.613817633112982,2.994746427133739
12.4,8.173974334603836,y_randomization,lightgbm,42,765,-0.13597209098202168,3.613817633112982,2.994746427133739
12.44,6.425167575670595,y_randomization,lightgbm,42,765,-0.13597209098202168,3.613817633112982,2.994746427133739
12.5,4.8206694790409275,y_randomization,lightgbm,42,765,-0.13597209098202168,3.613817633112982,2.994746427133739
12.52,6.0619552057457025,y_randomization,lightgbm,42,765,-0.13597209098202168,3.613817633112982,2.994746427133739
12.55,6.9591608814130295,y_randomization,lightgbm,42,765,-0.13597209098202168,3.613817633112982,2.994746427133739
12.64,8.000646023334916,y_randomization,lightgbm,42,765,-0.13597209098202168,3.613817633112982,2.994746427133739
12.75,8.762641774556819,y_randomization,lightgbm,42,765,-0.13597209098202168,3.613817633112982,2.994746427133739
12.8,8.372319934531436,y_randomization,lightgbm,42,765,-0.13597209098202168,3.613817633112982,2.994746427133739
12.8,6.29763970102203,y_randomization,lightgbm,42,765,-0.13597209098202168,3.613817633112982,2.994746427133739
12.85,9.287387747351323,y_randomization,lightgbm,42,765,-0.13597209098202168,3.613817633112982,2.994746427133739
12.97,8.237911257579752,y_randomization,lightgbm,42,765,-0.13597209098202168,3.613817633112982,2.994746427133739
13.07,7.2067308684684175,y_randomization,lightgbm,42,765,-0.13597209098202168,3.613817633112982,2.994746427133739
13.1,8.464995767411683,y_randomization,lightgbm,42,765,-0.13597209098202168,3.613817633112982,2.994746427133739
13.27,4.631117118597906,y_randomization,lightgbm,42,765,-0.13597209098202168,3.613817633112982,2.994746427133739
13.33,5.936929035038542,y_randomization,lightgbm,42,765,-0.13597209098202168,3.613817633112982,2.994746427133739
13.46,4.710242544283445,y_randomization,lightgbm,42,765,-0.13597209098202168,3.613817633112982,2.994746427133739
13.5,7.756114358643936,y_randomization,lightgbm,42,765,-0.13597209098202168,3.613817633112982,2.994746427133739
13.86,3.9087278786513884,y_randomization,lightgbm,42,765,-0.13597209098202168,3.613817633112982,2.994746427133739
14.1,8.988458300507332,y_randomization,lightgbm,42,765,-0.13597209098202168,3.613817633112982,2.994746427133739
14.34,5.914382322948865,y_randomization,lightgbm,42,765,-0.13597209098202168,3.613817633112982,2.994746427133739
14.54,2.1508803848010416,y_randomization,lightgbm,42,765,-0.13597209098202168,3.613817633112982,2.994746427133739
14.7,8.551764861572213,y_randomization,lightgbm,42,765,-0.13597209098202168,3.613817633112982,2.994746427133739
15.2,5.113255765949052,y_randomization,lightgbm,42,765,-0.13597209098202168,3.613817633112982,2.994746427133739
15.54,6.719683208695621,y_randomization,lightgbm,42,765,-0.13597209098202168,3.613817633112982,2.994746427133739
15.97,5.632334701233998,y_randomization,lightgbm,42,765,-0.13597209098202168,3.613817633112982,2.994746427133739
16.65,5.158640596447083,y_randomization,lightgbm,42,765,-0.13597209098202168,3.613817633112982,2.994746427133739
18.08,5.637705820505372,y_randomization,lightgbm,42,765,-0.13597209098202168,3.613817633112982,2.994746427133739
18.46,6.7360088996706295,y_randomization,lightgbm,42,765,-0.13597209098202168,3.613817633112982,2.994746427133739
